run_id,backend,metric,iterations,median_ms,p95_ms,min_ms
20261001-002755,IL2CPP,burst_first_use,200,0.4190,0.5502,0.3882
20261001-002755,IL2CPP,burst_data_read,200,0.1744,0.1940,0.1620
20261001-002755,IL2CPP,burst_blob_build,200,0.2018,0.3168,0.1819
20261001-002755,IL2CPP,json_first_use,200,4.0812,4.4094,4.0165
20261001-002755,IL2CPP,stock_load,200,3.5070,3.7609,3.3820
20261001-002801,IL2CPP,burst_first_use,200,0.4213,0.5320,0.3865
20261001-002801,IL2CPP,burst_data_read,200,0.1733,0.1956,0.1597
20261001-002801,IL2CPP,burst_blob_build,200,0.2021,0.3193,0.1793
20261001-002801,IL2CPP,json_first_use,200,4.4187,4.6935,4.2018
20261001-002801,IL2CPP,stock_load,200,3.4964,3.7881,3.3713
