run_id,index,runtime,count,animation,frames,editor,development,platform,graphics,device,cpu_cores,resolution,backend,frame_ms_median,frame_ms_p95,frame_ms_mean,cpu_main_ms_median,cpu_main_ms_p95,cpu_main_ms_mean,cpu_render_ms_median,cpu_render_ms_p95,cpu_render_ms_mean,gpu_ms_median,gpu_ms_p95,gpu_ms_mean,gc_bytes_median,gc_bytes_p95,gc_bytes_mean,script_update_ms_median,script_update_ms_p95,script_update_ms_mean,script_late_ms_median,script_late_ms_p95,script_late_ms_mean,burst_schedule_ms_median,burst_schedule_ms_p95,burst_schedule_ms_mean,burst_complete_ms_median,burst_complete_ms_p95,burst_complete_ms_mean
20260930-104757,0,Stock,100,idle,600,0,0,OSXPlayer,Metal,Mac17 8,18,1920x1080,IL2CPP,0.602083,0.712918,0.639028,0.601876,0.712876,0.63897,0.264916,0.297833,0.267324,0.308292,0.578208,0.33161,,,,0.227708,0.240834,0.228066,0.22425,0.247167,0.227033,,,,,,
20260930-104757,1,StockThreaded,100,idle,600,0,0,OSXPlayer,Metal,Mac17 8,18,1920x1080,IL2CPP,0.59504,0.612124,0.554492,0.594459,0.611958,0.553989,0.256542,0.310625,0.262875,0.227583,0.425792,0.276514,,,,0.085917,0.102917,0.0879131,0.285625,0.347875,0.277527,,,,,,
20260930-104757,2,BurstCpu,100,idle,600,0,0,OSXPlayer,Metal,Mac17 8,18,1920x1080,IL2CPP,0.299957,0.307171,0.303833,0.299625,0.306874,0.303448,0.05525,0.063708,0.0568426,0.181625,0.185375,0.182079,,,,0.000375,0.0005,0.000396155,0.000167,0.00025,0.000185963,,,,,,
20260930-104757,3,BurstGpu,100,idle,600,0,0,OSXPlayer,Metal,Mac17 8,18,1920x1080,IL2CPP,0.299667,0.312961,0.290486,0.299208,0.313541,0.290053,0.060959,0.070666,0.0620813,0.184083,0.192917,0.185658,,,,0.000417,0.000584,0.000439738,0.000208,0.00025,0.000195088,,,,,,
20260930-104757,4,Stock,500,idle,600,0,0,OSXPlayer,Metal,Mac17 8,18,1920x1080,IL2CPP,3.80959,4.10092,3.86617,3.8095,4.10038,3.86674,1.44346,1.52963,1.44507,1.11663,1.13175,1.11751,,,,1.54246,1.68225,1.56324,1.80367,1.9255,1.81541,,,,,,
20260930-104757,5,StockThreaded,500,idle,600,0,0,OSXPlayer,Metal,Mac17 8,18,1920x1080,IL2CPP,2.50063,2.69916,2.51067,2.49983,2.69892,2.51018,1.47029,1.55779,1.4744,1.1135,1.12712,1.11422,,,,0.4,0.479084,0.409492,1.63383,1.76308,1.63858,,,,,,
20260930-104757,6,BurstCpu,500,idle,600,0,0,OSXPlayer,Metal,Mac17 8,18,1920x1080,IL2CPP,0.703961,0.869168,0.758487,0.703666,0.83825,0.756605,0.189876,0.21679,0.19198,0.479458,0.580125,0.486242,,,,0.000792,0.001458,0.000878338,0.000291,0.000459,0.000300997,,,,,,
20260930-104757,7,BurstGpu,500,idle,600,0,0,OSXPlayer,Metal,Mac17 8,18,1920x1080,IL2CPP,0.803997,1.01137,0.860842,0.803333,1.01158,0.859331,0.23375,0.285375,0.23986,0.781292,0.818083,0.716619,,,,0.00125,0.002167,0.00133057,0.000334,0.000708,0.000389428,,,,,,
20260930-104757,8,Stock,2000,idle,600,0,0,OSXPlayer,Metal,Mac17 8,18,1920x1080,IL2CPP,16.7791,17.4403,16.823,16.7787,17.4394,16.8235,5.75454,6.35775,5.81713,1.85975,1.8685,1.86031,,,,7.20421,7.46521,7.22843,8.3135,8.67929,8.3399,,,,,,
20260930-104757,9,StockThreaded,2000,idle,600,0,0,OSXPlayer,Metal,Mac17 8,18,1920x1080,IL2CPP,10.3004,16.502,11.4832,10.2934,16.5004,11.4741,6.50083,7.23558,6.50322,1.86592,1.89525,1.51503,,,,1.90442,2.67063,2.04638,7.10175,11.9963,8.06561,,,,,,
20260930-104757,10,BurstCpu,2000,idle,600,0,0,OSXPlayer,Metal,Mac17 8,18,1920x1080,IL2CPP,3.90012,4.31117,3.9455,3.89875,4.31088,3.94088,0.949792,1.04812,0.956583,1.08125,2.19425,1.25224,,,,0.002958,0.004875,0.00303521,0.001791,0.002875,0.00185064,,,,,,
20260930-104757,11,BurstGpu,2000,idle,600,0,0,OSXPlayer,Metal,Mac17 8,18,1920x1080,IL2CPP,4.10566,4.49729,4.15968,4.10475,4.49396,4.15756,1.01125,1.11475,1.01784,1.17104,2.25492,1.32982,,,,0.002875,0.005125,0.00305403,0.002083,0.004375,0.00230506,,,,,,
20260930-104757,12,Stock,100,walk,600,0,0,OSXPlayer,Metal,Mac17 8,18,1920x1080,IL2CPP,0.902707,1.10133,0.928009,0.902334,1.09938,0.926736,0.320917,0.384583,0.326396,0.184875,0.926042,0.32222,,,,0.35875,0.411958,0.360436,0.306959,0.345834,0.307172,,,,,,
20260930-104757,13,StockThreaded,100,walk,600,0,0,OSXPlayer,Metal,Mac17 8,18,1920x1080,IL2CPP,0.69679,0.804415,0.670844,0.696375,0.80379,0.670332,0.31,0.370416,0.314541,0.181792,0.5115,0.239617,,,,0.137375,0.168416,0.139949,0.298,0.393792,0.297518,,,,,,
20260930-104757,14,BurstCpu,100,walk,600,0,0,OSXPlayer,Metal,Mac17 8,18,1920x1080,IL2CPP,0.500085,0.600503,0.504655,0.499625,0.60025,0.504606,0.08025,0.096125,0.0814085,0.184875,0.506333,0.252463,,,,0.000916,0.001458,0.000953465,0.000292,0.000458,0.000306008,,,,,,
20260930-104757,15,BurstGpu,100,walk,600,0,0,OSXPlayer,Metal,Mac17 8,18,1920x1080,IL2CPP,0.698668,0.805251,0.692384,0.695749,0.800749,0.682698,0.106083,0.124375,0.107291,0.332125,1.06817,0.423241,,,,0.001458,0.002625,0.00157446,0.000417,0.00075,0.000444052,,,,,,
20260930-104757,16,Stock,500,walk,600,0,0,OSXPlayer,Metal,Mac17 8,18,1920x1080,IL2CPP,4.605,6.09867,4.94835,4.60359,6.09721,4.95343,1.47217,1.72108,1.50677,1.1355,1.33487,1.05344,,,,2.11471,2.92758,2.26174,1.98375,2.50825,2.07404,,,,,,
20260930-104757,17,StockThreaded,500,walk,600,0,0,OSXPlayer,Metal,Mac17 8,18,1920x1080,IL2CPP,2.60325,2.90992,2.70631,2.60238,2.90988,2.70571,1.48933,1.60075,1.49918,1.13442,1.15063,1.13909,,,,0.470625,0.61025,0.558685,1.65267,1.77504,1.65965,,,,,,
20260930-104757,18,BurstCpu,500,walk,600,0,0,OSXPlayer,Metal,Mac17 8,18,1920x1080,IL2CPP,0.997619,1.10305,0.986167,0.996666,1.10267,0.985348,0.224959,0.254334,0.226701,0.6225,1.13788,0.685698,,,,0.001083,0.001583,0.00110967,0.000333,0.0005,0.00033602,,,,,,
20260930-104757,19,BurstGpu,500,walk,600,0,0,OSXPlayer,Metal,Mac17 8,18,1920x1080,IL2CPP,1.46004,1.60275,1.46233,1.45679,1.60109,1.46136,0.242,0.265876,0.243136,0.539833,0.93625,0.592198,,,,0.0015,0.002333,0.00158265,0.0005,0.000917,0.00056242,,,,,,
20260930-104757,20,Stock,2000,walk,600,0,0,OSXPlayer,Metal,Mac17 8,18,1920x1080,IL2CPP,20.688,25.7144,21.3766,20.6873,25.7132,21.3761,6.06996,7.02921,6.15382,1.97446,2.00321,1.77484,,,,10.1053,12.7686,10.4822,9.17121,11.2584,9.42356,,,,,,
20260930-104757,21,StockThreaded,2000,walk,600,0,0,OSXPlayer,Metal,Mac17 8,18,1920x1080,IL2CPP,11.1188,11.7081,11.1452,11.1192,11.7085,11.1438,6.51467,7.14508,6.52934,1.99737,2.03712,1.97543,,,,2.20442,2.40233,2.22887,7.61025,8.02379,7.5827,,,,,,
20260930-104757,22,BurstCpu,2000,walk,600,0,0,OSXPlayer,Metal,Mac17 8,18,1920x1080,IL2CPP,4.00058,4.30933,4.02883,3.9995,4.30688,4.02763,0.954374,1.05421,0.960692,1.17038,2.25112,1.4606,,,,0.003,0.0045,0.00296875,0.001833,0.002916,0.00188942,,,,,,
20260930-104757,23,BurstGpu,2000,walk,600,0,0,OSXPlayer,Metal,Mac17 8,18,1920x1080,IL2CPP,4.90137,5.3075,4.93617,4.90029,5.30613,4.93519,0.767541,0.839001,0.770602,1.14525,2.11838,1.28261,,,,0.003333,0.005,0.00329408,0.002083,0.003709,0.00219325,,,,,,
20260930-104757,24,Stock,100,switch,600,0,0,OSXPlayer,Metal,Mac17 8,18,1920x1080,IL2CPP,0.800454,0.909623,0.817819,0.800167,0.909417,0.817328,0.299209,0.355084,0.303384,0.438917,0.700458,0.417647,,,,0.302542,0.338333,0.30186,0.278292,0.312042,0.278177,,,,,,
20260930-104757,25,StockThreaded,100,switch,600,0,0,OSXPlayer,Metal,Mac17 8,18,1920x1080,IL2CPP,0.599546,0.705747,0.594498,0.598751,0.705458,0.59358,0.292959,0.327875,0.294689,0.187792,0.29425,0.197952,,,,0.108083,0.146875,0.11264,0.279958,0.35825,0.271949,,,,,,
20260930-104757,26,BurstCpu,100,switch,600,0,0,OSXPlayer,Metal,Mac17 8,18,1920x1080,IL2CPP,0.492836,0.519459,0.460831,0.491415,0.520332,0.460198,0.079917,0.10425,0.0815745,0.207167,0.337875,0.229998,,,,0.000917,0.001417,0.000966037,0.00025,0.000416,0.000286453,,,,,,
20260930-104757,27,BurstGpu,100,switch,600,0,0,OSXPlayer,Metal,Mac17 8,18,1920x1080,IL2CPP,0.602374,0.708624,0.626982,0.601916,0.708291,0.625143,0.107501,0.145999,0.112211,0.249,0.487583,0.287513,,,,0.0015,0.002417,0.00162292,0.000416,0.000708,0.000431378,,,,,,
20260930-104757,28,Stock,500,switch,600,0,0,OSXPlayer,Metal,Mac17 8,18,1920x1080,IL2CPP,5.29525,5.79833,5.28315,5.2945,5.79829,5.28286,1.83204,2.01771,1.84192,1.19275,1.38129,1.21375,,,,2.34863,2.64125,2.35522,2.31508,2.55538,2.32203,,,,,,
20260930-104757,29,StockThreaded,500,switch,600,0,0,OSXPlayer,Metal,Mac17 8,18,1920x1080,IL2CPP,2.90259,3.19938,2.92383,2.90175,3.19825,2.922,1.89779,2.08537,1.90228,1.17646,1.31454,0.996714,,,,0.522958,0.675416,0.538695,1.81025,1.98238,1.81002,,,,,,
20260930-104757,30,BurstCpu,500,switch,600,0,0,OSXPlayer,Metal,Mac17 8,18,1920x1080,IL2CPP,1.19737,1.40317,1.20298,1.19613,1.40175,1.2019,0.299624,0.369668,0.303459,0.514333,0.569375,0.523056,,,,0.00225,0.010709,0.00362689,0.0005,0.001042,0.000554878,,,,,,
20260930-104757,31,BurstGpu,500,switch,600,0,0,OSXPlayer,Metal,Mac17 8,18,1920x1080,IL2CPP,1.69442,1.84717,1.68851,1.69213,1.84546,1.68704,0.413083,0.469792,0.413214,1.028,1.2825,0.98742,,,,0.003417,0.012834,0.00541534,0.000875,0.001542,0.000903678,,,,,,
20260930-104757,32,Stock,2000,switch,600,0,0,OSXPlayer,Metal,Mac17 8,18,1920x1080,IL2CPP,21.797,23.2941,22.0243,21.7972,23.2932,22.0284,8.68817,9.28208,8.76139,2.0045,2.25354,1.97418,,,,9.90888,10.6627,10.029,10.1757,10.8195,10.2345,,,,,,
20260930-104757,33,StockThreaded,2000,switch,600,0,0,OSXPlayer,Metal,Mac17 8,18,1920x1080,IL2CPP,13.3916,13.9089,13.3572,11.7939,12.6472,11.7598,9.17308,9.53267,9.16297,2.00875,2.09025,2.02498,,,,2.25125,2.46863,2.26864,7.69458,8.20958,7.62419,,,,,,
20260930-104757,34,BurstCpu,2000,switch,600,0,0,OSXPlayer,Metal,Mac17 8,18,1920x1080,IL2CPP,5.01025,5.50684,5.07266,5.00788,5.50592,5.06826,1.58962,1.76975,1.58557,2.05688,2.16888,1.67962,,,,0.077667,0.122375,0.0758787,0.002542,0.00375,0.00257721,,,,,,
20260930-104757,35,BurstGpu,2000,switch,600,0,0,OSXPlayer,Metal,Mac17 8,18,1920x1080,IL2CPP,6.10525,6.72088,6.1435,6.10421,6.71696,6.1361,1.87425,2.08833,1.87983,2.11362,2.19421,2.02011,,,,0.088041,0.136959,0.0908185,0.002917,0.004333,0.00298589,,,,,,
20260930-104757,36,BurstGpu,100,idle,600,0,0,OSXPlayer,Metal,Mac17 8,18,1920x1080,IL2CPP,0.598873,0.702707,0.594653,0.59804,0.701917,0.589985,0.105041,0.124458,0.10604,0.192458,0.313125,0.208086,,,,0.00125,0.002292,0.00135695,0.000375,0.000667,0.00040141,,,,,,
20260930-104757,37,BurstCpu,100,idle,600,0,0,OSXPlayer,Metal,Mac17 8,18,1920x1080,IL2CPP,0.493374,0.515172,0.47236,0.491626,0.516625,0.461485,0.077583,0.089167,0.0781756,0.21475,0.364625,0.228124,,,,0.000791,0.001333,0.00082622,0.000291,0.000417,0.000284733,,,,,,
20260930-104757,38,StockThreaded,100,idle,600,0,0,OSXPlayer,Metal,Mac17 8,18,1920x1080,IL2CPP,0.602161,0.707589,0.611824,0.601708,0.708876,0.611771,0.284083,0.328792,0.287795,0.181958,0.419875,0.211298,,,,0.100917,0.139291,0.106014,0.292083,0.36375,0.288185,,,,,,
20260930-104757,39,Stock,100,idle,600,0,0,OSXPlayer,Metal,Mac17 8,18,1920x1080,IL2CPP,0.704167,0.810544,0.735152,0.703834,0.811043,0.734868,0.283458,0.324541,0.286663,0.198375,0.461667,0.246841,,,,0.249041,0.281917,0.250392,0.260417,0.289084,0.260218,,,,,,
20260930-104757,40,BurstGpu,500,idle,600,0,0,OSXPlayer,Metal,Mac17 8,18,1920x1080,IL2CPP,1.39554,1.59442,1.38733,1.39388,1.59463,1.38671,0.360624,0.409835,0.361722,0.795,1.29937,0.847946,,,,0.002167,0.003791,0.00236633,0.000667,0.001458,0.00119238,,,,,,
20260930-104757,41,BurstCpu,500,idle,600,0,0,OSXPlayer,Metal,Mac17 8,18,1920x1080,IL2CPP,1.10196,1.29979,1.1275,1.1015,1.29867,1.12556,0.238499,0.275666,0.241978,0.795625,1.07904,0.836275,,,,0.00175,0.002667,0.00182889,0.0005,0.000875,0.000554203,,,,,,
20260930-104757,42,StockThreaded,500,idle,600,0,0,OSXPlayer,Metal,Mac17 8,18,1920x1080,IL2CPP,2.80279,3.09784,2.82385,2.802,3.09754,2.82355,1.62525,1.76008,1.63507,1.12821,1.32525,1.14998,,,,0.473834,0.601042,0.486099,1.79742,1.97608,1.79917,,,,,,
20260930-104757,43,Stock,500,idle,600,0,0,OSXPlayer,Metal,Mac17 8,18,1920x1080,IL2CPP,4.49217,4.90387,4.47067,4.49188,4.90358,4.47241,1.46217,1.59263,1.46984,1.13104,1.30725,1.14613,,,,1.879,2.1,1.8781,2.05108,2.27675,2.05764,,,,,,
20260930-104757,44,BurstGpu,2000,idle,600,0,0,OSXPlayer,Metal,Mac17 8,18,1920x1080,IL2CPP,4.09392,4.40884,4.11151,4.0925,4.40825,4.11032,1.12212,1.20908,1.12689,1.07387,2.02904,1.32606,,,,0.002875,0.004792,0.00300554,0.002125,0.005625,0.00341384,,,,,,
20260930-104757,45,BurstCpu,2000,idle,600,0,0,OSXPlayer,Metal,Mac17 8,18,1920x1080,IL2CPP,3.9012,4.29604,3.93116,3.90067,4.29729,3.93033,0.744624,0.808459,0.749742,1.93908,1.99354,1.53189,,,,0.002834,0.004542,0.00292953,0.001667,0.002584,0.00171207,,,,,,
20260930-104757,46,StockThreaded,2000,idle,600,0,0,OSXPlayer,Metal,Mac17 8,18,1920x1080,IL2CPP,10.7963,11.6015,10.8047,10.7953,11.601,10.8049,6.64029,7.16717,6.66562,1.89162,2.03658,1.90335,,,,1.95083,2.20925,1.97721,7.47013,8.04546,7.4624,,,,,,
20260930-104757,47,Stock,2000,idle,600,0,0,OSXPlayer,Metal,Mac17 8,18,1920x1080,IL2CPP,17.6044,18.6995,17.7676,17.6043,18.6995,17.7699,5.66783,6.31579,5.7278,1.90021,1.95204,1.8865,,,,7.59242,8.09367,7.67104,8.69704,9.16121,8.72476,,,,,,
20260930-104757,48,BurstGpu,100,walk,600,0,0,OSXPlayer,Metal,Mac17 8,18,1920x1080,IL2CPP,0.698165,0.804663,0.687642,0.696999,0.805585,0.687086,0.102667,0.117208,0.103447,0.2455,0.36575,0.258162,,,,0.001375,0.002333,0.00147604,0.000375,0.000708,0.00041772,,,,,,
20260930-104757,49,BurstCpu,100,walk,600,0,0,OSXPlayer,Metal,Mac17 8,18,1920x1080,IL2CPP,0.492503,0.51262,0.462525,0.490627,0.513916,0.461711,0.077666,0.091291,0.0782999,0.202125,0.32625,0.222444,,,,0.000791,0.001334,0.000832972,0.00025,0.000417,0.000283253,,,,,,
20260930-104757,50,StockThreaded,100,walk,600,0,0,OSXPlayer,Metal,Mac17 8,18,1920x1080,IL2CPP,0.600539,0.708418,0.606507,0.60025,0.708083,0.605739,0.280208,0.329625,0.28474,0.1815,0.429167,0.22006,,,,0.121125,0.151167,0.121451,0.281208,0.357875,0.274931,,,,,,
20260930-104757,51,Stock,100,walk,600,0,0,OSXPlayer,Metal,Mac17 8,18,1920x1080,IL2CPP,0.798746,0.905463,0.791663,0.798209,0.905208,0.79038,0.277792,0.316542,0.280237,0.198375,0.461875,0.254943,,,,0.309041,0.35275,0.312902,0.263042,0.2955,0.263858,,,,,,
20260930-104757,52,BurstGpu,500,walk,600,0,0,OSXPlayer,Metal,Mac17 8,18,1920x1080,IL2CPP,1.60075,1.79763,1.62049,1.60008,1.78325,1.61916,0.313958,0.35346,0.315217,0.854917,1.27421,0.946661,,,,0.002292,0.003625,0.00238771,0.000792,0.001416,0.000852353,,,,,,
20260930-104757,53,BurstCpu,500,walk,600,0,0,OSXPlayer,Metal,Mac17 8,18,1920x1080,IL2CPP,1.09958,1.28741,1.10919,1.09888,1.29304,1.1089,0.228209,0.272249,0.232055,0.795875,0.87075,0.76811,,,,0.001583,0.002583,0.00169375,0.0005,0.000916,0.00053447,,,,,,
20260930-104757,54,StockThreaded,500,walk,600,0,0,OSXPlayer,Metal,Mac17 8,18,1920x1080,IL2CPP,2.89329,3.11004,2.88648,2.89258,3.10796,2.88507,1.62071,1.75492,1.63353,1.15083,1.30933,1.07605,,,,0.53,0.682917,0.548754,1.79929,1.93975,1.79841,,,,,,
20260930-104757,55,Stock,500,walk,600,0,0,OSXPlayer,Metal,Mac17 8,18,1920x1080,IL2CPP,5.0855,5.61192,5.10134,5.04071,5.60954,5.09804,1.4335,1.57642,1.44475,1.157,1.36012,1.17044,,,,2.39517,2.75079,2.40987,2.13708,2.36625,2.15354,,,,,,
20260930-104757,56,BurstGpu,2000,walk,600,0,0,OSXPlayer,Metal,Mac17 8,18,1920x1080,IL2CPP,4.89667,5.29954,4.93934,4.89571,5.30025,4.93748,0.959333,1.05337,0.958709,1.1695,2.13,1.35973,,,,0.003083,0.004584,0.00305306,0.002042,0.004333,0.0022893,,,,,,
20260930-104757,57,BurstCpu,2000,walk,600,0,0,OSXPlayer,Metal,Mac17 8,18,1920x1080,IL2CPP,3.99196,4.30342,4.01434,3.98975,4.3,4.01266,0.739417,0.802666,0.745232,2.05479,2.09842,1.59855,,,,0.002875,0.0045,0.00293318,0.001792,0.002709,0.00182712,,,,,,
20260930-104757,58,StockThreaded,2000,walk,600,0,0,OSXPlayer,Metal,Mac17 8,18,1920x1080,IL2CPP,11.1461,11.5988,11.0825,11.1453,11.5978,11.0821,6.72442,7.24058,6.74959,1.9975,2.00875,1.93355,,,,2.25979,2.43879,2.27347,7.52125,7.86463,7.46134,,,,,,
20260930-104757,59,Stock,2000,walk,600,0,0,OSXPlayer,Metal,Mac17 8,18,1920x1080,IL2CPP,20.184,21.5053,20.4253,20.1483,21.5051,20.418,5.63138,6.25746,5.67727,1.99713,2.00637,1.95563,,,,9.87667,10.4988,9.98044,8.92142,9.53704,8.99712,,,,,,
20260930-104757,60,BurstGpu,100,switch,600,0,0,OSXPlayer,Metal,Mac17 8,18,1920x1080,IL2CPP,0.60613,0.792538,0.648494,0.606333,0.793624,0.647814,0.114792,0.148208,0.118783,0.198375,0.32025,0.213717,,,,0.001625,0.002584,0.0016899,0.000375,0.000708,0.000416732,,,,,,
20260930-104757,61,BurstCpu,100,switch,600,0,0,OSXPlayer,Metal,Mac17 8,18,1920x1080,IL2CPP,0.497584,0.514626,0.478681,0.496791,0.514293,0.477066,0.080458,0.110375,0.0831343,0.222375,0.398625,0.243746,,,,0.000958,0.0015,0.000983743,0.000291,0.000417,0.000281322,,,,,,
20260930-104757,62,StockThreaded,100,switch,600,0,0,OSXPlayer,Metal,Mac17 8,18,1920x1080,IL2CPP,0.601169,0.708121,0.611662,0.600708,0.707959,0.608029,0.29925,0.343541,0.302203,0.188583,0.483917,0.245269,,,,0.116083,0.147375,0.117351,0.282,0.361375,0.277628,,,,,,
20260930-104757,63,Stock,100,switch,600,0,0,OSXPlayer,Metal,Mac17 8,18,1920x1080,IL2CPP,0.797839,0.903288,0.782872,0.797374,0.903834,0.782183,0.298084,0.343209,0.302258,0.20275,0.4765,0.260873,,,,0.290916,0.325166,0.291253,0.271125,0.303875,0.271159,,,,,,
20260930-104757,64,BurstGpu,500,switch,600,0,0,OSXPlayer,Metal,Mac17 8,18,1920x1080,IL2CPP,1.63592,1.80896,1.66535,1.62996,1.81333,1.66602,0.421375,0.490168,0.422696,0.94,1.30179,0.977382,,,,0.003541,0.012916,0.00542802,0.000875,0.001417,0.000905722,,,,,,
20260930-104757,65,BurstCpu,500,switch,600,0,0,OSXPlayer,Metal,Mac17 8,18,1920x1080,IL2CPP,1.20058,1.40613,1.22134,1.19996,1.4065,1.21973,0.295125,0.342125,0.295422,0.639375,0.845042,0.692108,,,,0.002208,0.010083,0.00350452,0.0005,0.000916,0.00054584,,,,,,
20260930-104757,66,StockThreaded,500,switch,600,0,0,OSXPlayer,Metal,Mac17 8,18,1920x1080,IL2CPP,2.90904,3.20388,2.95117,2.9085,3.20329,2.9502,1.89617,2.04959,1.89598,0.735875,1.23963,0.837615,,,,0.534042,0.667167,0.548338,1.80396,2.00929,1.81414,,,,,,
20260930-104757,67,Stock,500,switch,600,0,0,OSXPlayer,Metal,Mac17 8,18,1920x1080,IL2CPP,5.30979,5.89721,5.33999,5.30854,5.89592,5.33734,1.82217,2.01121,1.8344,1.19112,1.41088,1.21034,,,,2.40004,2.70263,2.40756,2.32021,2.56346,2.33196,,,,,,
20260930-104757,68,BurstGpu,2000,switch,600,0,0,OSXPlayer,Metal,Mac17 8,18,1920x1080,IL2CPP,6.00575,6.57834,6.05834,6.00484,6.57679,6.05021,1.86237,2.09942,1.87544,2.10912,2.18125,1.99655,,,,0.08675,0.137792,0.0865137,0.002708,0.003917,0.00270306,,,,,,
20260930-104757,69,BurstCpu,2000,switch,600,0,0,OSXPlayer,Metal,Mac17 8,18,1920x1080,IL2CPP,5.00254,5.59763,5.05768,5.00108,5.59725,5.05246,1.53271,1.71079,1.494,1.42462,2.12267,1.50435,,,,0.075666,0.123875,0.0744934,0.002292,0.003333,0.00232397,,,,,,
20260930-104757,70,StockThreaded,2000,switch,600,0,0,OSXPlayer,Metal,Mac17 8,18,1920x1080,IL2CPP,13.3942,13.8536,13.3635,11.8521,12.5346,11.8606,9.14188,9.48938,9.14612,2.00775,2.23375,2.02773,,,,2.34958,2.5575,2.36617,7.71796,8.18533,7.65238,,,,,,
20260930-104757,71,Stock,2000,switch,600,0,0,OSXPlayer,Metal,Mac17 8,18,1920x1080,IL2CPP,22.2979,23.511,22.4362,22.2966,23.5135,22.4378,8.71608,9.20217,8.76741,2.00762,2.09775,2.02514,,,,10.0862,10.6028,10.1529,10.3796,10.975,10.4456,,,,,,
