run_id,index,runtime,count,animation,frames,editor,development,platform,graphics,device,cpu_cores,resolution,backend,frame_ms_median,frame_ms_p95,frame_ms_mean,cpu_main_ms_median,cpu_main_ms_p95,cpu_main_ms_mean,cpu_render_ms_median,cpu_render_ms_p95,cpu_render_ms_mean,gpu_ms_median,gpu_ms_p95,gpu_ms_mean,gc_bytes_median,gc_bytes_p95,gc_bytes_mean,script_update_ms_median,script_update_ms_p95,script_update_ms_mean,script_late_ms_median,script_late_ms_p95,script_late_ms_mean,burst_schedule_ms_median,burst_schedule_ms_p95,burst_schedule_ms_mean,burst_complete_ms_median,burst_complete_ms_p95,burst_complete_ms_mean,burst_topology_median,burst_topology_p95,burst_topology_mean
20261002-152532,0,Stock,100,idle,600,0,0,OSXPlayer,Metal,Mac17 8,18,1920x1080,IL2CPP,0.696577,0.710247,0.661016,0.696208,0.710126,0.660452,0.253958,0.274625,0.255409,0.287083,0.28975,0.287186,,,,0.229334,0.243875,0.230395,0.224208,0.241958,0.225763,,,,,,,,,,,,,,,,,,,,,,,,,,,,0.084875,0.120917,0.0889765,8.3E-05,0.000167,0.000197792,0.69625,0.710167,0.660654
20261002-152532,1,StockThreaded,100,idle,600,0,0,OSXPlayer,Metal,Mac17 8,18,1920x1080,IL2CPP,0.597003,0.610877,0.569496,0.596208,0.610125,0.568894,0.250875,0.287667,0.254373,0.287,0.289583,0.287277,,,,0.0895,0.107708,0.0917342,0.282416,0.3365,0.285472,,,,,,,,,,,,,,,,,,,,,,,,,,,,0.078208,0.106375,0.0809703,8.3E-05,0.000125,7.6255E-05,0.596333,0.610292,0.56901
20261002-152532,2,BurstCpu,100,idle,600,0,0,OSXPlayer,Metal,Mac17 8,18,1920x1080,IL2CPP,0.3,0.304748,0.301334,0.299708,0.304751,0.300959,0.057375,0.063958,0.0577521,0.0926667,0.093125,0.0928208,,,,0.000625,0.000833,0.000656598,0.000125,0.000167,0.000139783,0.0263,0.0288,0.0269468,0.0903,0.1104,0.0922402,0,0,0,0.0075,0.0086,0.00757167,0.0161,0.0176,0.0166378,0.0021,0.0037,0.0023415,0.0833,0.1031,0.0851177,0.0015,0.0017,0.0015515,0.0055,0.0061,0.005571,0.060625,0.071291,0.0617632,8.3E-05,8.4E-05,6.723E-05,0.299792,0.304833,0.301046
20261002-152532,3,BurstGpu,100,idle,600,0,0,OSXPlayer,Metal,Mac17 8,18,1920x1080,IL2CPP,0.202416,0.311919,0.230477,0.201999,0.3125,0.230281,0.06225,0.069707,0.0624047,0.0918333,0.115,0.0965771,,,,0.000583,0.000875,0.000607973,0.000125,0.000208,0.000143415,0.0242,0.029,0.0243647,0.0825,0.1072,0.0852023,0,0,0,0.0066,0.0091,0.00683767,0.0146,0.018,0.0147862,0.0023,0.0033,0.0023885,0.0675,0.0909,0.070154,0.0088,0.0133,0.00946033,0.0055,0.0065,0.005588,0.059625,0.073042,0.0611075,8.3E-05,0.000166,7.50583E-05,0.202083,0.312583,0.230048
20261002-152532,4,Stock,500,idle,600,0,0,OSXPlayer,Metal,Mac17 8,18,1920x1080,IL2CPP,3.80866,4.28387,3.88067,3.80771,4.21621,3.87799,1.40833,1.51913,1.41378,0.7355,0.743125,0.735756,,,,1.52075,1.69188,1.54608,1.81621,1.99175,1.83792,,,,,,,,,,,,,,,,,,,,,,,,,,,,0.300875,0.353042,0.305848,0.000167,0.000291,0.000165613,3.80804,4.28079,3.87986
20261002-152532,5,StockThreaded,500,idle,600,0,0,OSXPlayer,Metal,Mac17 8,18,1920x1080,IL2CPP,2.49929,2.79817,2.58318,2.49825,2.79708,2.58243,1.43213,1.54871,1.44302,0.736125,0.745417,0.736477,,,,0.395792,0.484083,0.413479,1.61175,1.79725,1.69539,,,,,,,,,,,,,,,,,,,,,,,,,,,,0.292416,0.331958,0.295284,0.000166,0.00025,0.000158605,2.49833,2.79704,2.58236
20261002-152532,6,BurstCpu,500,idle,600,0,0,OSXPlayer,Metal,Mac17 8,18,1920x1080,IL2CPP,0.698958,0.710707,0.683516,0.698334,0.710126,0.682859,0.182041,0.196583,0.181576,0.360833,0.36225,0.361093,,,,0.001208,0.001708,0.00124855,0.000167,0.000292,0.000192527,0.1278,0.1391,0.13065,0.2639,0.3274,0.274896,0,0,0,0.0468,0.053,0.0467965,0.0761,0.0846,0.0774585,0.0037,0.0072,0.00545017,0.2158,0.278,0.227206,0.0085,0.0094,0.00862117,0.039,0.0421,0.039069,0.170375,0.189583,0.169537,8.3E-05,0.000125,7.96667E-05,0.698375,0.710208,0.682762
20261002-152532,7,BurstGpu,500,idle,600,0,0,OSXPlayer,Metal,Mac17 8,18,1920x1080,IL2CPP,0.702664,0.82337,0.735853,0.702042,0.823167,0.734989,0.202708,0.219542,0.202843,0.315292,0.3175,0.315865,,,,0.001458,0.001958,0.00150076,0.000208,0.000333,0.000212213,0.132,0.144,0.137064,0.3024,0.4091,0.313611,0,0,0,0.0488,0.056,0.0491057,0.0778,0.0852,0.0814067,0.0039,0.0076,0.005449,0.2168,0.3209,0.227743,0.0359,0.0425,0.0367548,0.0488,0.0557,0.0491128,0.187125,0.20425,0.185321,0.000125,0.000167,0.000131557,0.702167,0.823208,0.735273
20261002-152532,8,Stock,2000,idle,600,0,0,OSXPlayer,Metal,Mac17 8,18,1920x1080,IL2CPP,16.6681,17.2897,16.6962,16.6686,17.2898,16.6966,5.54858,6.15921,5.62201,1.39692,1.40175,1.39701,,,,7.06029,7.46342,7.10073,8.3455,8.62383,8.36463,,,,,,,,,,,,,,,,,,,,,,,,,,,,0.802667,0.861834,0.802009,0.000209,0.000333,0.000208833,16.6685,17.2898,16.6952
20261002-152532,9,StockThreaded,2000,idle,600,0,0,OSXPlayer,Metal,Mac17 8,18,1920x1080,IL2CPP,9.58866,10.598,9.77963,9.5875,10.5962,9.77755,5.98388,6.51683,6.02251,1.39913,1.40362,1.39921,,,,1.74629,2.03125,1.7719,6.65508,7.42654,6.84774,,,,,,,,,,,,,,,,,,,,,,,,,,,,0.829584,0.934917,0.83118,0.000208,0.000333,0.000193663,9.58767,10.5962,9.77865
20261002-152532,10,BurstCpu,2000,idle,600,0,0,OSXPlayer,Metal,Mac17 8,18,1920x1080,IL2CPP,2.90012,3.11191,2.92732,2.89992,3.11167,2.92631,0.806959,0.871417,0.811758,0.912208,0.944875,0.918145,,,,0.003,0.005125,0.00325492,0.000708,0.001084,0.000769448,0.815,0.8814,0.831445,1.283,1.5389,1.32947,0,0,0,0.3398,0.3739,0.341276,0.463,0.4976,0.473562,0.0096,0.0136,0.0137798,0.7472,0.9856,0.793762,0.1264,0.1396,0.126517,0.4099,0.4326,0.409191,0.625875,0.686042,0.623308,0.000167,0.000291,0.000178438,2.89992,3.11163,2.9265
20261002-152532,11,BurstGpu,2000,idle,600,0,0,OSXPlayer,Metal,Mac17 8,18,1920x1080,IL2CPP,3.00062,3.20954,3.15384,2.99946,3.20871,3.15261,0.876709,0.911,0.878514,0.76375,0.819,0.765678,,,,0.003042,0.00475,0.00326261,0.000708,0.001292,0.000766755,0.838,0.9226,0.857365,1.4149,1.638,1.45433,0,0,0,0.346,0.3771,0.347498,0.4794,0.5283,0.492816,0.0095,0.0152,0.0143388,0.7115,0.9377,0.754128,0.238,0.2558,0.23885,0.4617,0.481,0.461348,0.575084,0.615584,0.570875,0.00025,0.000375,0.000274045,2.99942,3.20954,3.15291
20261002-152532,12,Stock,100,walk,600,0,0,OSXPlayer,Metal,Mac17 8,18,1920x1080,IL2CPP,0.701169,0.804457,0.717162,0.700626,0.80375,0.716717,0.246292,0.275084,0.248586,0.285875,0.288625,0.28611,,,,0.278209,0.3105,0.281704,0.229625,0.266709,0.234614,,,,,,,,,,,,,,,,,,,,,,,,,,,,0.0855,0.123625,0.0895718,8.3E-05,0.000166,7.5505E-05,0.700708,0.803875,0.716806
20261002-152532,13,StockThreaded,100,walk,600,0,0,OSXPlayer,Metal,Mac17 8,18,1920x1080,IL2CPP,0.599256,0.612422,0.586664,0.598791,0.612043,0.586387,0.249749,0.273833,0.251474,0.285958,0.288417,0.2861,,,,0.099834,0.121041,0.101947,0.281042,0.333708,0.285304,,,,,,,,,,,,,,,,,,,,,,,,,,,,0.079041,0.103042,0.0812696,4.2E-05,0.000125,5.794E-05,0.598875,0.612333,0.586336
20261002-152532,14,BurstCpu,100,walk,600,0,0,OSXPlayer,Metal,Mac17 8,18,1920x1080,IL2CPP,0.399957,0.408709,0.405328,0.399167,0.40875,0.404274,0.072375,0.083042,0.0727237,0.215542,0.216667,0.215983,,,,0.000834,0.001167,0.00087343,0.000166,0.000209,0.000154657,0.0289,0.0331,0.030096,0.1877,0.2104,0.189762,0,0,0,0.0089,0.0105,0.00892483,0.0166,0.0195,0.0178028,0.0027,0.0037,0.00283067,0.179,0.2013,0.180969,0.0021,0.0036,0.00235767,0.0063,0.0073,0.00643567,0.085833,0.111292,0.0886464,4.2E-05,0.000125,5.49217E-05,0.39925,0.408916,0.404337
20261002-152532,15,BurstGpu,100,walk,600,0,0,OSXPlayer,Metal,Mac17 8,18,1920x1080,IL2CPP,0.500709,0.602671,0.512986,0.500082,0.601959,0.513457,0.087209,0.102667,0.0871652,0.277125,0.366458,0.287563,,,,0.001375,0.002042,0.00144243,0.000208,0.000375,0.000212307,0.0341,0.0408,0.035611,0.2495,0.3047,0.25704,0,0,0,0.0104,0.0153,0.0107277,0.0193,0.0233,0.0195375,0.0033,0.0049,0.004451,0.1745,0.2247,0.182012,0.0666,0.0811,0.0677792,0.007,0.0089,0.00724933,0.107458,0.141291,0.108937,4.2E-05,0.000167,6.98467E-05,0.5,0.602042,0.512042
20261002-152532,16,Stock,500,walk,600,0,0,OSXPlayer,Metal,Mac17 8,18,1920x1080,IL2CPP,4.40266,4.90354,4.46951,4.402,4.90313,4.46848,1.40717,1.51617,1.41501,0.738,0.7475,0.741799,,,,1.96992,2.24488,2.01531,1.94383,2.13229,1.96459,,,,,,,,,,,,,,,,,,,,,,,,,,,,0.297833,0.351709,0.303482,0.000167,0.000291,0.000176968,4.40221,4.90321,4.46861
20261002-152532,17,StockThreaded,500,walk,600,0,0,OSXPlayer,Metal,Mac17 8,18,1920x1080,IL2CPP,2.59558,2.71842,2.59382,2.59483,2.718,2.59329,1.44408,1.55138,1.45324,0.735833,0.745625,0.736824,,,,0.456,0.561625,0.473204,1.63442,1.74696,1.65339,,,,,,,,,,,,,,,,,,,,,,,,,,,,0.28825,0.323125,0.291795,0.000125,0.00025,0.000145393,2.59458,2.71804,2.593
20261002-152532,18,BurstCpu,500,walk,600,0,0,OSXPlayer,Metal,Mac17 8,18,1920x1080,IL2CPP,0.992418,1.10658,0.968979,0.991124,1.10554,0.968949,0.220874,0.259583,0.222242,0.356083,0.358125,0.356825,,,,0.002167,0.004208,0.00244693,0.000292,0.000542,0.000326252,0.1445,0.1636,0.151358,0.4549,0.5575,0.458087,0,0,0,0.0526,0.0611,0.0530907,0.0852,0.0943,0.089637,0.0053,0.0082,0.00696617,0.372,0.4521,0.374955,0.0208,0.0289,0.021219,0.0605,0.0786,0.0619123,0.222625,0.263583,0.224415,0.000125,0.00025,0.00014376,0.990709,1.10542,0.968129
20261002-152532,19,BurstGpu,500,walk,600,0,0,OSXPlayer,Metal,Mac17 8,18,1920x1080,IL2CPP,1.29945,1.40955,1.29534,1.29829,1.40733,1.29424,0.226208,0.252332,0.228834,0.355667,0.377875,0.360655,,,,0.002458,0.004208,0.00273611,0.000417,0.000667,0.000429962,0.1632,0.1825,0.165993,0.7034,0.8019,0.714609,0,0,0,0.0607,0.071,0.0610277,0.0943,0.1038,0.0949518,0.0061,0.0099,0.00800417,0.384,0.4545,0.381402,0.238,0.2821,0.245533,0.0872,0.0991,0.0876743,0.261167,0.289292,0.261282,0.000167,0.00025,0.000176452,1.29833,1.40729,1.29449
20261002-152532,20,Stock,2000,walk,600,0,0,OSXPlayer,Metal,Mac17 8,18,1920x1080,IL2CPP,20.6265,22.6913,20.7879,20.6231,22.6885,20.7812,5.99029,6.51367,5.96185,1.43325,1.43887,1.43472,,,,9.98063,11.118,10.0929,9.19013,10.0352,9.26537,,,,,,,,,,,,,,,,,,,,,,,,,,,,0.918125,1.04538,0.923207,0.00025,0.000334,0.00022765,20.6231,22.6885,20.7866
20261002-152532,21,StockThreaded,2000,walk,600,0,0,OSXPlayer,Metal,Mac17 8,18,1920x1080,IL2CPP,10.6892,15.4956,11.626,10.6886,15.4895,11.6432,6.329,6.90525,6.36608,1.43013,1.43621,1.43436,,,,2.16483,2.5865,2.23936,7.22083,11.3484,8.08514,,,,,,,,,,,,,,,,,,,,,,,,,,,,0.901333,1.07483,0.914823,0.000167,0.000333,0.000206833,10.6862,15.4898,11.6247
20261002-152532,22,BurstCpu,2000,walk,600,0,0,OSXPlayer,Metal,Mac17 8,18,1920x1080,IL2CPP,3.20663,3.59508,3.26417,3.20662,3.59242,3.26368,0.891707,0.975333,0.898886,0.913167,0.943125,0.918017,,,,0.003417,0.006792,0.0039089,0.00075,0.001459,0.000834575,0.8868,0.9773,0.898629,1.4972,1.7647,1.53895,0,0,0,0.367,0.4205,0.369555,0.5037,0.5444,0.515013,0.0108,0.0153,0.011001,0.8638,1.1332,0.912791,0.192,0.2166,0.192718,0.4324,0.4692,0.433437,0.636209,0.73375,0.640544,0.00025,0.000334,0.000250427,3.20646,3.59233,3.26323
20261002-152532,23,BurstGpu,2000,walk,600,0,0,OSXPlayer,Metal,Mac17 8,18,1920x1080,IL2CPP,3.61159,3.91366,3.69497,3.61196,3.91413,3.69487,0.734709,0.795959,0.741452,0.9495,0.98425,0.946597,,,,0.003334,0.005708,0.00363084,0.00075,0.001292,0.00081096,0.8876,0.9877,0.908696,1.9221,2.2321,1.98588,0,0,0,0.3652,0.405,0.367794,0.5081,0.5849,0.522871,0.0105,0.0137,0.0151105,0.6801,0.8491,0.709501,0.8239,0.9761,0.857215,0.4176,0.441,0.419164,0.622959,0.678875,0.622623,0.00025,0.000375,0.000264312,3.61183,3.91417,3.69402
20261002-152532,24,Stock,100,switch,600,0,0,OSXPlayer,Metal,Mac17 8,18,1920x1080,IL2CPP,0.700085,0.801212,0.70617,0.699624,0.800458,0.705517,0.26675,0.28525,0.267529,0.29375,0.298125,0.293946,,,,0.266083,0.279041,0.267063,0.240167,0.261167,0.242268,,,,,,,,,,,,,,,,,,,,,,,,,,,,0.087375,0.121125,0.0907172,4.2E-05,0.000125,6.27917E-05,0.699708,0.800625,0.705785
20261002-152532,25,StockThreaded,100,switch,600,0,0,OSXPlayer,Metal,Mac17 8,18,1920x1080,IL2CPP,0.598498,0.611834,0.583331,0.598042,0.611416,0.583017,0.260959,0.280458,0.262507,0.293792,0.297875,0.293938,,,,0.096375,0.114583,0.0980246,0.282292,0.331708,0.286463,,,,,,,,,,,,,,,,,,,,,,,,,,,,0.078708,0.099458,0.0806461,4.2E-05,8.4E-05,5.345E-05,0.598125,0.611541,0.582955
20261002-152532,26,BurstCpu,100,switch,600,0,0,OSXPlayer,Metal,Mac17 8,18,1920x1080,IL2CPP,0.400418,0.408957,0.403996,0.399667,0.408293,0.403024,0.073792,0.08775,0.0746224,0.219833,0.221,0.220014,,,,0.000917,0.00125,0.00094638,0.000125,0.000209,0.000147925,0.0286,0.0325,0.0289493,0.1834,0.2062,0.185847,0,1,0.055,0.009,0.0105,0.00896617,0.0164,0.019,0.0166382,0.0027,0.0036,0.00277617,0.1745,0.1964,0.176583,0.0023,0.0051,0.00272933,0.0064,0.0074,0.00653467,0.083792,0.110833,0.0870503,4.2E-05,0.000125,5.19633E-05,0.39975,0.408584,0.403249
20261002-152532,27,BurstGpu,100,switch,600,0,0,OSXPlayer,Metal,Mac17 8,18,1920x1080,IL2CPP,0.500043,0.598505,0.499664,0.498959,0.597458,0.498974,0.098375,0.124375,0.0997012,0.275833,0.368042,0.285341,,,,0.0015,0.002333,0.00158409,0.000167,0.000333,0.00019598,0.0322,0.0384,0.03372,0.2346,0.2924,0.242315,0,0,0.04,0.0093,0.0126,0.00960133,0.0185,0.0219,0.0198198,0.0032,0.0047,0.00335533,0.1773,0.2269,0.185151,0.0475,0.0645,0.0500475,0.0069,0.0087,0.007117,0.108708,0.138875,0.110859,4.2E-05,0.000125,6.07583E-05,0.499041,0.597167,0.498876
20261002-152532,28,Stock,500,switch,600,0,0,OSXPlayer,Metal,Mac17 8,18,1920x1080,IL2CPP,4.80563,5.80726,4.95998,4.80458,5.80583,4.95672,1.73688,2.04483,1.77555,0.758167,0.793125,0.759914,,,,2.07429,2.59742,2.15585,2.17521,2.55221,2.22175,,,,,,,,,,,,,,,,,,,,,,,,,,,,0.363458,0.4635,0.373494,0.000167,0.000292,0.000184938,4.80471,5.80583,4.95893
20261002-152532,29,StockThreaded,500,switch,600,0,0,OSXPlayer,Metal,Mac17 8,18,1920x1080,IL2CPP,2.60679,2.89692,2.6845,2.60604,2.89342,2.67505,1.76563,1.87329,1.76979,0.755583,0.770458,0.756422,,,,0.47375,0.596334,0.500909,1.63071,1.77058,1.65928,,,,,,,,,,,,,,,,,,,,,,,,,,,,0.332875,0.377708,0.34429,0.000125,0.00025,0.00823505,2.6065,2.89558,2.6837
20261002-152532,30,BurstCpu,500,switch,600,0,0,OSXPlayer,Metal,Mac17 8,18,1920x1080,IL2CPP,0.904167,1.08433,0.961994,0.903501,1.01308,0.945341,0.247208,0.278416,0.245502,0.36625,0.37125,0.366836,,,,0.002125,0.007292,0.00273014,0.00025,0.000375,0.000258855,0.1456,0.203,0.159665,0.4314,0.5229,0.441157,1,3,0.971667,0.0523,0.0959,0.0588932,0.0869,0.0999,0.0912083,0.0046,0.0079,0.00815817,0.3479,0.4238,0.355576,0.0253,0.0376,0.026301,0.0582,0.073,0.0592795,0.208083,0.234709,0.224405,0.000125,0.000209,0.015584,0.90375,1.08358,0.96141
20261002-152532,31,BurstGpu,500,switch,600,0,0,OSXPlayer,Metal,Mac17 8,18,1920x1080,IL2CPP,1.2975,1.50317,1.30784,1.29592,1.50208,1.30566,0.352041,0.462542,0.360871,0.340625,0.363208,0.34405,,,,0.003291,0.010458,0.00461409,0.000417,0.000708,0.00043243,0.1972,0.2795,0.219824,0.6709,0.7963,0.675499,1,3,0.968333,0.0803,0.1426,0.0902233,0.1092,0.1295,0.119297,0.0059,0.0095,0.00842567,0.374,0.4478,0.367315,0.1974,0.2784,0.205481,0.1019,0.1221,0.102704,0.256042,0.303541,0.25945,0.000167,0.000292,0.000185083,1.29663,1.50242,1.30694
20261002-152532,32,Stock,2000,switch,600,0,0,OSXPlayer,Metal,Mac17 8,18,1920x1080,IL2CPP,21.5943,23.9861,21.9165,21.595,23.9853,21.9206,8.36408,9.08054,8.46118,1.4555,1.5315,1.46337,,,,9.78283,10.5815,9.87639,10.1155,10.9913,10.2718,,,,,,,,,,,,,,,,,,,,,,,,,,,,1.17833,1.34583,1.18734,0.00025,0.000334,0.000221863,21.5924,23.9854,21.9152
20261002-152532,33,StockThreaded,2000,switch,600,0,0,OSXPlayer,Metal,Mac17 8,18,1920x1080,IL2CPP,12.299,13.4021,12.4412,10.4109,12.8881,10.7596,8.43542,9.15233,8.50666,1.45525,1.47433,1.45569,,,,2.04188,2.43588,2.10905,6.70446,8.17933,6.96136,,,,,,,,,,,,,,,,,,,,,,,,,,,,2.98654,3.507,2.87648,1.82825,2.31067,1.6844,12.2983,13.4018,12.44
20261002-152532,34,BurstCpu,2000,switch,600,0,0,OSXPlayer,Metal,Mac17 8,18,1920x1080,IL2CPP,4.20616,4.79833,4.216,4.20483,4.79592,4.20889,1.48958,1.73025,1.46978,0.928875,0.9595,0.93077,,,,0.062,0.105583,0.0595868,0.000958,0.001625,0.00101475,1.3804,1.5981,1.36009,1.8145,2.0812,1.81383,23,35,23.1083,0.7553,0.9034,0.733487,0.606,0.6823,0.602594,0.0112,0.0157,0.0217827,0.9054,1.1613,0.939999,0.2986,0.3421,0.29726,0.599,0.6515,0.57657,0.758791,0.888,0.764041,0.000208,0.000333,0.000198295,4.20617,4.79608,4.21492
20261002-152532,35,BurstGpu,2000,switch,600,0,0,OSXPlayer,Metal,Mac17 8,18,1920x1080,IL2CPP,4.906,5.50096,4.9465,4.90525,5.50208,4.94127,1.77842,2.02608,1.77658,0.89925,0.961167,0.89803,,,,0.073,0.11675,0.0710444,0.001125,0.00175,0.00118527,1.4349,1.7161,1.44412,2.3818,2.7257,2.40288,22,33,21.8083,0.771,0.9161,0.758898,0.6491,0.772,0.666957,0.0115,0.0165,0.0159882,0.794,1.0336,0.833452,0.9943,1.1679,0.984283,0.593,0.6496,0.585147,0.794791,0.874,0.794338,0.00025,0.000375,0.00025497,4.90538,5.50213,4.94546
20261002-152532,36,BurstGpu,100,idle,600,0,0,OSXPlayer,Metal,Mac17 8,18,1920x1080,IL2CPP,0.409042,0.540292,0.447996,0.405083,0.516791,0.444313,0.094167,0.114543,0.0943348,0.267125,0.356792,0.278186,,,,0.00125,0.002125,0.00135314,0.000167,0.000334,0.000192827,0.0361,0.045,0.036855,0.1994,0.26,0.207964,0,0,0,0.0126,0.0187,0.0133887,0.0181,0.0223,0.0184213,0.0039,0.0059,0.00404967,0.1821,0.2385,0.190239,0.0092,0.0125,0.00967367,0.0078,0.0102,0.00805133,0.1015,0.138667,0.105382,8.3E-05,0.000167,7.59583E-05,0.408542,0.54225,0.447125
20261002-152532,37,BurstCpu,100,idle,600,0,0,OSXPlayer,Metal,Mac17 8,18,1920x1080,IL2CPP,0.400085,0.407582,0.404843,0.399125,0.407958,0.403926,0.075333,0.084458,0.0754424,0.214333,0.215208,0.214469,,,,0.000875,0.001291,0.000940033,0.000166,0.00025,0.000158607,0.0288,0.0324,0.0300263,0.1869,0.2013,0.186455,0,0,0,0.0086,0.0107,0.00876483,0.0169,0.0189,0.0169317,0.0026,0.0036,0.00375183,0.1781,0.1923,0.177602,0.0021,0.0024,0.002091,0.0067,0.0077,0.006762,0.088916,0.125208,0.0934898,4.2E-05,0.000125,5.72983E-05,0.399167,0.407834,0.404
20261002-152532,38,StockThreaded,100,idle,600,0,0,OSXPlayer,Metal,Mac17 8,18,1920x1080,IL2CPP,0.595833,0.611494,0.56101,0.595334,0.611125,0.56053,0.252666,0.293666,0.256666,0.28725,0.289708,0.28746,,,,0.089,0.106542,0.090594,0.278125,0.326083,0.283125,,,,,,,,,,,,,,,,,,,,,,,,,,,,0.077416,0.1,0.0791057,4.2E-05,0.000125,5.61E-05,0.595458,0.611292,0.560653
20261002-152532,39,Stock,100,idle,600,0,0,OSXPlayer,Metal,Mac17 8,18,1920x1080,IL2CPP,0.606413,0.711125,0.644839,0.605833,0.710875,0.644037,0.252125,0.280083,0.253444,0.287125,0.28975,0.287415,,,,0.228,0.250125,0.229355,0.226458,0.260083,0.230564,,,,,,,,,,,,,,,,,,,,,,,,,,,,0.078417,0.117791,0.0829482,4.2E-05,0.000125,5.6315E-05,0.606209,0.711,0.644461
20261002-152532,40,BurstGpu,500,idle,600,0,0,OSXPlayer,Metal,Mac17 8,18,1920x1080,IL2CPP,1.00904,1.20258,1.05583,1.00863,1.20021,1.05438,0.320124,0.357292,0.322797,0.328333,0.333208,0.327267,,,,0.0025,0.003625,0.00262104,0.000375,0.000584,0.000386172,0.1677,0.1943,0.176882,0.4913,0.6043,0.499034,0,0,0,0.0628,0.0773,0.0636457,0.097,0.109,0.105191,0.0057,0.0093,0.00611617,0.3426,0.4463,0.355687,0.0506,0.085,0.0553633,0.089,0.1118,0.0879838,0.249792,0.2815,0.249745,0.000166,0.000334,0.000168622,1.00908,1.20158,1.05496
20261002-152532,41,BurstCpu,500,idle,600,0,0,OSXPlayer,Metal,Mac17 8,18,1920x1080,IL2CPP,0.890086,0.996294,0.863507,0.883542,0.995334,0.862271,0.20546,0.232041,0.208036,0.3615,0.363375,0.361805,,,,0.00175,0.00275,0.0018968,0.00025,0.000458,0.000265617,0.1417,0.1571,0.149989,0.3925,0.4774,0.404259,0,0,0,0.0497,0.0571,0.0503768,0.0852,0.0935,0.0929163,0.0047,0.0077,0.00518683,0.3234,0.3963,0.334143,0.015,0.0186,0.0153348,0.054,0.0642,0.0547808,0.196041,0.236959,0.199697,0.000125,0.000208,0.000116862,0.889,0.9955,0.862836
20261002-152532,42,StockThreaded,500,idle,600,0,0,OSXPlayer,Metal,Mac17 8,18,1920x1080,IL2CPP,2.49792,2.61013,2.48904,2.49679,2.60937,2.48811,1.50371,1.62763,1.5114,0.73375,0.742167,0.733899,,,,0.408583,0.486083,0.418898,1.59433,1.70296,1.60366,,,,,,,,,,,,,,,,,,,,,,,,,,,,0.29,0.325375,0.293052,0.000166,0.00025,0.000159213,2.49721,2.6095,2.48826
20261002-152532,43,Stock,500,idle,600,0,0,OSXPlayer,Metal,Mac17 8,18,1920x1080,IL2CPP,3.89479,4.09058,3.88348,3.89388,4.019,3.88189,1.37992,1.47958,1.38656,0.738625,0.746875,0.738818,,,,1.54725,1.65692,1.56332,1.8445,1.94538,1.85228,,,,,,,,,,,,,,,,,,,,,,,,,,,,0.2855,0.329334,0.29043,0.000125,0.00025,0.000126125,3.89408,4.08742,3.88263
20261002-152532,44,BurstGpu,2000,idle,600,0,0,OSXPlayer,Metal,Mac17 8,18,1920x1080,IL2CPP,3.10042,3.30787,3.13533,3.09962,3.30717,3.13383,0.988251,1.03675,0.993096,0.76325,0.797083,0.764321,,,,0.003041,0.004458,0.00320501,0.000792,0.001375,0.000907707,0.8884,0.9604,0.896769,1.4584,1.6645,1.48591,0,0,0,0.3568,0.3856,0.356594,0.5155,0.5564,0.522142,0.0098,0.0145,0.0151972,0.7308,0.9445,0.769745,0.2383,0.2559,0.239034,0.4766,0.5007,0.477135,0.607292,0.648333,0.602542,0.00025,0.000334,0.000244588,3.09971,3.30717,3.13436
20261002-152532,45,BurstCpu,2000,idle,600,0,0,OSXPlayer,Metal,Mac17 8,18,1920x1080,IL2CPP,2.90437,3.20258,2.96351,2.90325,3.20192,2.96253,0.731292,0.774625,0.734896,0.905875,0.942917,0.913831,,,,0.003084,0.004875,0.00332138,0.000667,0.001083,0.000714568,0.847,0.9373,0.861134,1.3124,1.569,1.35332,0,0,0,0.344,0.3869,0.344691,0.4862,0.5331,0.498556,0.0103,0.0146,0.0149875,0.7584,0.9959,0.803079,0.1236,0.1397,0.124596,0.4255,0.4586,0.425646,0.6075,0.662167,0.604929,0.00025,0.000375,0.000258215,2.90325,3.20188,2.96252
20261002-152532,46,StockThreaded,2000,idle,600,0,0,OSXPlayer,Metal,Mac17 8,18,1920x1080,IL2CPP,9.70358,10.5003,9.87084,9.70317,10.4995,9.87078,6.28967,6.90721,6.34236,1.39804,1.40262,1.39836,,,,1.79742,2.07079,1.82463,6.65142,7.20754,6.81222,,,,,,,,,,,,,,,,,,,,,,,,,,,,0.891958,0.986791,0.894069,0.000208,0.000333,0.000204037,9.70333,10.4994,9.8698
20261002-152532,47,Stock,2000,idle,600,0,0,OSXPlayer,Metal,Mac17 8,18,1920x1080,IL2CPP,16.8277,18.0943,16.9574,16.8239,18.0791,16.9494,5.48421,6.08938,5.52671,1.39846,1.40325,1.39852,,,,7.15692,7.6855,7.20429,8.42821,9.05208,8.48044,,,,,,,,,,,,,,,,,,,,,,,,,,,,0.834458,0.929541,0.833752,0.000125,0.000291,0.000138493,16.8251,18.0898,16.9563
20261002-152532,48,BurstGpu,100,walk,600,0,0,OSXPlayer,Metal,Mac17 8,18,1920x1080,IL2CPP,0.50175,0.605789,0.518851,0.501249,0.605043,0.517755,0.092499,0.108708,0.09254,0.2845,0.366875,0.29286,,,,0.001458,0.00275,0.0016082,0.000208,0.000375,0.000228623,0.0348,0.043,0.0355492,0.2505,0.3044,0.258394,0,0,0,0.0102,0.0157,0.0108642,0.0198,0.0241,0.0201228,0.0034,0.0049,0.00353117,0.1714,0.2232,0.180057,0.0698,0.0869,0.0709837,0.0071,0.0091,0.00735367,0.115291,0.149083,0.117417,8.3E-05,0.000166,7.5535E-05,0.501417,0.605167,0.51809
20261002-152532,49,BurstCpu,100,walk,600,0,0,OSXPlayer,Metal,Mac17 8,18,1920x1080,IL2CPP,0.400298,0.41858,0.407018,0.3995,0.47725,0.406424,0.072667,0.084583,0.073367,0.213875,0.214792,0.214328,,,,0.000916,0.00125,0.00094625,0.000167,0.00025,0.000170512,0.0293,0.0356,0.0309425,0.1931,0.2165,0.195085,0,0,0,0.0087,0.0123,0.00900317,0.0168,0.0211,0.0173173,0.0027,0.0041,0.00406533,0.1844,0.2054,0.18589,0.0021,0.0037,0.00238317,0.0066,0.008,0.0068125,0.089541,0.116584,0.0926025,4.2E-05,0.000125,5.97533E-05,0.399583,0.419833,0.406355
20261002-152532,50,StockThreaded,100,walk,600,0,0,OSXPlayer,Metal,Mac17 8,18,1920x1080,IL2CPP,0.598377,0.611203,0.582026,0.597958,0.611041,0.581394,0.252916,0.278334,0.255188,0.28625,0.288792,0.286265,,,,0.099125,0.121542,0.101739,0.279708,0.33175,0.284923,,,,,,,,,,,,,,,,,,,,,,,,,,,,0.079208,0.10375,0.0813289,4.2E-05,8.4E-05,5.269E-05,0.598,0.611291,0.581695
20261002-152532,51,Stock,100,walk,600,0,0,OSXPlayer,Metal,Mac17 8,18,1920x1080,IL2CPP,0.700291,0.708787,0.701843,0.699793,0.70821,0.701066,0.248625,0.265083,0.248866,0.285875,0.288417,0.286045,,,,0.275,0.289542,0.276373,0.225584,0.241916,0.227656,,,,,,,,,,,,,,,,,,,,,,,,,,,,0.081,0.11275,0.0836527,8.3E-05,0.000125,6.56983E-05,0.699916,0.708542,0.701512
20261002-152532,52,BurstGpu,500,walk,600,0,0,OSXPlayer,Metal,Mac17 8,18,1920x1080,IL2CPP,1.289,1.49167,1.27648,1.28763,1.48925,1.27582,0.276,0.303375,0.277906,0.36775,0.375917,0.366034,,,,0.002333,0.003833,0.00256867,0.000375,0.000667,0.000415128,0.1696,0.1851,0.174763,0.6959,0.8291,0.710057,0,0,0,0.0609,0.0701,0.0611648,0.1002,0.1086,0.105343,0.0056,0.0101,0.00635733,0.3601,0.4691,0.360809,0.2457,0.297,0.252916,0.0962,0.1068,0.0963333,0.247709,0.273416,0.248133,0.000167,0.000333,0.000188543,1.28746,1.48933,1.2757
20261002-152532,53,BurstCpu,500,walk,600,0,0,OSXPlayer,Metal,Mac17 8,18,1920x1080,IL2CPP,0.994834,1.11417,0.983844,0.994084,1.11413,0.983206,0.229334,0.265665,0.231748,0.356125,0.357875,0.356165,,,,0.002125,0.003541,0.00225401,0.000291,0.000541,0.00066173,0.1491,0.1684,0.156545,0.4687,0.5878,0.475655,0,0,0,0.0539,0.0636,0.0543548,0.0885,0.0976,0.0921497,0.005,0.0086,0.00847783,0.3801,0.4889,0.387581,0.0227,0.0328,0.0236642,0.0634,0.0789,0.0644105,0.215958,0.2615,0.218185,8.3E-05,0.000208,9.2515E-05,0.994166,1.11417,0.983146
20261002-152532,54,StockThreaded,500,walk,600,0,0,OSXPlayer,Metal,Mac17 8,18,1920x1080,IL2CPP,2.59488,3.01417,2.62135,2.59417,3.01496,2.62058,1.50038,1.62788,1.51036,0.735708,0.745458,0.735536,,,,0.459708,0.573875,0.473951,1.62542,2.00658,1.67375,,,,,,,,,,,,,,,,,,,,,,,,,,,,0.293459,0.339416,0.297097,0.000125,0.00025,0.000140965,2.59413,3.01513,2.62054
20261002-152532,55,Stock,500,walk,600,0,0,OSXPlayer,Metal,Mac17 8,18,1920x1080,IL2CPP,4.69255,5.38579,4.74684,4.68921,5.38446,4.74325,1.39638,1.52492,1.40952,0.73825,0.749,0.743907,,,,2.10933,2.53042,2.17131,2.03117,2.32117,2.0598,,,,,,,,,,,,,,,,,,,,,,,,,,,,0.31375,0.365958,0.31706,0.000125,0.00025,0.000129325,4.68988,5.38463,4.74587
20261002-152532,56,BurstGpu,2000,walk,600,0,0,OSXPlayer,Metal,Mac17 8,18,1920x1080,IL2CPP,3.86779,4.20408,3.88634,3.85975,4.20179,3.8843,0.895833,1.00046,0.906438,0.973083,0.99,0.9697,,,,0.004375,0.006542,0.00452474,0.001042,0.001875,0.0011437,0.9298,1.0698,0.955129,2.043,2.3713,2.09071,0,0,0,0.3793,0.4372,0.384744,0.5349,0.6214,0.550943,0.0107,0.0156,0.0162035,0.7278,0.9239,0.754194,0.881,1.0398,0.904984,0.4293,0.4664,0.431532,0.643166,0.732625,0.646902,0.000167,0.00025,0.00017196,3.86554,4.20188,3.88517
20261002-152532,57,BurstCpu,2000,walk,600,0,0,OSXPlayer,Metal,Mac17 8,18,1920x1080,IL2CPP,3.19942,3.4955,3.21617,3.19813,3.49254,3.21715,0.742,0.797459,0.748443,0.905125,0.93875,0.910385,,,,0.003375,0.005333,0.00363474,0.000791,0.001333,0.000822297,0.8955,0.9913,0.908074,1.4891,1.7533,1.5233,0,0,0,0.3774,0.427,0.378083,0.5008,0.5532,0.510788,0.0111,0.0148,0.0163045,0.8532,1.1316,0.898538,0.1885,0.2132,0.188498,0.4374,0.4738,0.436267,0.604959,0.67175,0.605156,0.00025,0.000375,0.000265752,3.19804,3.49271,3.21514
20261002-152532,58,StockThreaded,2000,walk,600,0,0,OSXPlayer,Metal,Mac17 8,18,1920x1080,IL2CPP,10.0026,10.7961,10.1146,10.0018,10.7972,10.1135,6.40208,6.97704,6.46126,1.43421,1.43963,1.43683,,,,2.07625,2.43017,2.11896,6.67442,7.27813,6.76923,,,,,,,,,,,,,,,,,,,,,,,,,,,,0.888709,0.969375,0.888674,0.000167,0.000292,0.000165227,10.0019,10.7973,10.1137
20261002-152532,59,Stock,2000,walk,600,0,0,OSXPlayer,Metal,Mac17 8,18,1920x1080,IL2CPP,19.6985,21.5004,19.9787,19.6973,21.4945,19.9808,5.48129,6.14758,5.53329,1.42954,1.43583,1.43175,,,,9.50742,10.3168,9.65684,8.87496,9.71983,8.97555,,,,,,,,,,,,,,,,,,,,,,,,,,,,0.856334,0.975417,0.860538,0.000167,0.000292,0.000189665,19.6966,21.4945,19.9775
20261002-152532,60,BurstGpu,100,switch,600,0,0,OSXPlayer,Metal,Mac17 8,18,1920x1080,IL2CPP,0.502749,0.609205,0.527162,0.502501,0.60975,0.525882,0.102709,0.129833,0.105055,0.281625,0.363042,0.286888,,,,0.001667,0.002625,0.00175805,0.000208,0.000417,0.000231158,0.0365,0.0432,0.037891,0.2469,0.3125,0.255894,0,0,0.0433333,0.0103,0.014,0.010616,0.0211,0.0254,0.0224988,0.0036,0.0051,0.003704,0.1881,0.2462,0.198023,0.048,0.0672,0.0504662,0.0071,0.0095,0.00740483,0.116708,0.155042,0.120505,4.2E-05,0.000125,6.0215E-05,0.502625,0.609833,0.526354
20261002-152532,61,BurstCpu,100,switch,600,0,0,OSXPlayer,Metal,Mac17 8,18,1920x1080,IL2CPP,0.400376,0.503834,0.412158,0.399542,0.503208,0.411067,0.075208,0.089667,0.0760441,0.217333,0.2185,0.217663,,,,0.001,0.001417,0.00104084,0.000167,0.00025,0.000162505,0.0302,0.0348,0.030375,0.1949,0.2208,0.197488,0,1,0.055,0.0096,0.0112,0.00955133,0.017,0.0206,0.0174062,0.0027,0.0037,0.002821,0.1857,0.2095,0.187964,0.0026,0.0058,0.00296267,0.0064,0.0078,0.006561,0.085666,0.110375,0.0892465,4.2E-05,0.000125,5.1995E-05,0.399625,0.503667,0.411318
20261002-152532,62,StockThreaded,100,switch,600,0,0,OSXPlayer,Metal,Mac17 8,18,1920x1080,IL2CPP,0.60175,0.714753,0.619836,0.601166,0.714542,0.619063,0.282209,0.345334,0.28897,0.294125,0.299125,0.297548,,,,0.099708,0.141958,0.105826,0.295667,0.36925,0.300352,,,,,,,,,,,,,,,,,,,,,,,,,,,,0.093916,0.135625,0.0979053,8.3E-05,0.000125,0.000175038,0.601333,0.714709,0.619438
20261002-152532,63,Stock,100,switch,600,0,0,OSXPlayer,Metal,Mac17 8,18,1920x1080,IL2CPP,0.700921,0.810877,0.720659,0.700583,0.811043,0.720696,0.277208,0.323417,0.282381,0.293708,0.2985,0.2965,,,,0.260791,0.304667,0.265834,0.233917,0.286666,0.24035,,,,,,,,,,,,,,,,,,,,,,,,,,,,0.088042,0.130166,0.0930816,8.4E-05,0.000167,0.000102032,0.700666,0.811083,0.720252
20261002-152532,64,BurstGpu,500,switch,600,0,0,OSXPlayer,Metal,Mac17 8,18,1920x1080,IL2CPP,1.29841,1.50571,1.31416,1.29733,1.50471,1.3121,0.352543,0.404249,0.355059,0.34575,0.35925,0.344692,,,,0.002959,0.011166,0.00441822,0.000417,0.000667,0.000432072,0.1826,0.2929,0.216154,0.668,0.7898,0.677592,1,3,0.965,0.0677,0.1478,0.0877663,0.1077,0.137,0.118689,0.0056,0.0087,0.007803,0.362,0.4426,0.363607,0.1991,0.2799,0.207089,0.1048,0.1211,0.106896,0.270875,0.301042,0.270956,0.000208,0.000292,0.000189445,1.29758,1.50483,1.31333
20261002-152532,65,BurstCpu,500,switch,600,0,0,OSXPlayer,Metal,Mac17 8,18,1920x1080,IL2CPP,0.998583,1.1075,0.997845,0.997501,1.10675,0.996008,0.263708,0.314958,0.263997,0.367333,0.37125,0.370354,,,,0.002834,0.009375,0.00357521,0.000333,0.000542,0.000342207,0.1626,0.2323,0.180771,0.4401,0.5156,0.448868,1,3,1.02333,0.0614,0.1144,0.0706457,0.0937,0.1094,0.0994388,0.0053,0.0085,0.0090205,0.339,0.3947,0.346528,0.0299,0.0424,0.0306168,0.0699,0.089,0.0717233,0.227208,0.266292,0.228903,0.000125,0.00025,0.00014772,0.99775,1.10713,0.997083
20261002-152532,66,StockThreaded,500,switch,600,0,0,OSXPlayer,Metal,Mac17 8,18,1920x1080,IL2CPP,3.69454,5.14666,3.76431,3.61163,5.14071,3.75692,1.98296,2.33125,2.00922,0.758583,0.79425,0.776312,,,,0.596875,0.918333,0.623187,2.39246,3.59946,2.47309,,,,,,,,,,,,,,,,,,,,,,,,,,,,0.424458,0.565834,0.438872,0.000208,0.000334,0.000208063,3.69529,5.14142,3.76296
20261002-152532,67,Stock,500,switch,600,0,0,OSXPlayer,Metal,Mac17 8,18,1920x1080,IL2CPP,5.29274,6.31183,5.35799,5.2905,6.30863,5.35931,1.82975,2.11558,1.85885,0.759625,1.20937,0.81056,,,,2.30338,2.87721,2.35781,2.32379,2.73388,2.36198,,,,,,,,,,,,,,,,,,,,,,,,,,,,0.390792,0.493625,0.404899,0.000208,0.000333,0.000209183,5.28983,6.30854,5.35679
20261002-152532,68,BurstGpu,2000,switch,600,0,0,OSXPlayer,Metal,Mac17 8,18,1920x1080,IL2CPP,4.8935,5.49904,4.88915,4.88996,5.49796,4.88258,1.69925,1.9375,1.7191,0.897125,1.05492,0.916261,,,,0.068334,0.120375,0.069649,0.001167,0.002,0.00124165,1.4021,1.6554,1.3989,2.3438,2.7285,2.37299,22,33,21.3933,0.7353,0.8832,0.716703,0.6433,0.7726,0.658783,0.0112,0.0171,0.0212598,0.7823,1.0212,0.810593,0.9869,1.1793,0.98573,0.5863,0.6457,0.576666,0.815792,0.920041,0.817936,0.00025,0.000375,0.000255212,4.89013,5.49792,4.88804
20261002-152532,69,BurstCpu,2000,switch,600,0,0,OSXPlayer,Metal,Mac17 8,18,1920x1080,IL2CPP,4.20991,5.02616,4.2937,4.20662,5.02442,4.28552,1.43792,1.75775,1.42214,0.930583,1.3445,0.98179,,,,0.066459,0.125917,0.0665099,0.00125,0.002333,0.00136525,1.4227,1.8378,1.45826,1.8331,2.1815,1.85491,23,38,23.6183,0.7923,1.0081,0.785512,0.6148,0.808,0.653362,0.012,0.0173,0.017125,0.9041,1.204,0.946777,0.2985,0.3584,0.301425,0.6131,0.7135,0.606712,0.676833,0.79575,0.684217,0.00025,0.000375,0.000885893,4.20938,5.02442,4.29252
20261002-152532,70,StockThreaded,2000,switch,600,0,0,OSXPlayer,Metal,Mac17 8,18,1920x1080,IL2CPP,12.7951,15.7892,13.1448,10.9257,15.4096,11.5882,8.72958,10.1655,8.88298,1.45904,1.92746,1.51823,,,,2.20688,2.89675,2.31657,6.96108,10.4928,7.48924,,,,,,,,,,,,,,,,,,,,,,,,,,,,2.96746,3.61721,2.80757,1.7555,2.39529,1.56211,12.7942,15.7917,13.1435
20261002-152532,71,Stock,2000,switch,600,0,0,OSXPlayer,Metal,Mac17 8,18,1920x1080,IL2CPP,21.2013,22.7002,21.4165,21.2017,22.6991,21.4192,8.25746,8.80492,8.31541,1.45575,1.87213,1.51131,,,,9.52892,10.1746,9.62787,10.0081,10.5914,10.046,,,,,,,,,,,,,,,,,,,,,,,,,,,,1.18221,1.316,1.18258,0.000209,0.000334,0.000215232,21.2006,22.6991,21.4154
