run_id,index,runtime,count,animation,frames,editor,development,platform,graphics,device,cpu_cores,resolution,frame_ms_median,frame_ms_p95,frame_ms_mean,cpu_main_ms_median,cpu_main_ms_p95,cpu_main_ms_mean,cpu_render_ms_median,cpu_render_ms_p95,cpu_render_ms_mean,gpu_ms_median,gpu_ms_p95,gpu_ms_mean,gc_bytes_median,gc_bytes_p95,gc_bytes_mean,script_update_ms_median,script_update_ms_p95,script_update_ms_mean,script_late_ms_median,script_late_ms_p95,script_late_ms_mean,burst_schedule_ms_median,burst_schedule_ms_p95,burst_schedule_ms_mean,burst_complete_ms_median,burst_complete_ms_p95,burst_complete_ms_mean
20260930-011213,0,Stock,100,idle,600,0,0,OSXPlayer,Metal,Mac17 8,18,1920x1080,1.29358,1.59842,1.29635,1.29288,1.59775,1.29549,0.267541,0.376,0.279125,0.423292,0.579375,0.462539,,,,0.396959,0.480541,0.409622,0.634708,0.748042,0.647909,,,,,,
20260930-011213,1,StockThreaded,100,idle,600,0,0,OSXPlayer,Metal,Mac17 8,18,1920x1080,0.599454,0.612202,0.594657,0.599125,0.611666,0.594245,0.2645,0.325292,0.272581,0.422375,0.430917,0.423285,,,,0.155792,0.170333,0.155319,0.213167,0.249334,0.215339,,,,,,
20260930-011213,2,BurstCpu,100,idle,600,0,0,OSXPlayer,Metal,Mac17 8,18,1920x1080,0.400043,0.406087,0.405499,0.399582,0.405876,0.404854,0.248124,0.299625,0.253721,0.180917,0.184167,0.181139,,,,0.000667,0.000917,0.000698502,0.000417,0.0005,0.000415207,,,,,,
20260930-011213,3,BurstGpu,100,idle,600,0,0,OSXPlayer,Metal,Mac17 8,18,1920x1080,0.300716,0.408666,0.319333,0.300083,0.408709,0.318564,0.066208,0.073959,0.0661332,0.183875,0.228375,0.187702,,,,0.000667,0.000916,0.00071131,0.000417,0.000541,0.000456475,,,,,,
20260930-011213,4,Stock,500,idle,600,0,0,OSXPlayer,Metal,Mac17 8,18,1920x1080,6.60917,7.20925,6.7,6.60892,7.28958,6.70316,1.39238,1.51625,1.3973,1.11646,1.13075,1.11775,,,,2.37938,2.58754,2.40243,3.73846,4.02763,3.76438,,,,,,
20260930-011213,5,StockThreaded,500,idle,600,0,0,OSXPlayer,Metal,Mac17 8,18,1920x1080,1.99371,2.29809,2.05851,1.99208,2.29613,2.05763,1.4335,1.59579,1.4472,1.11263,1.12925,1.1188,,,,0.5385,0.692709,0.59942,0.951833,1.05213,0.965185,,,,,,
20260930-011213,6,BurstCpu,500,idle,600,0,0,OSXPlayer,Metal,Mac17 8,18,1920x1080,1.79971,2.19783,1.83564,1.69292,2.00554,1.72399,1.33846,1.59579,1.3605,1.11475,1.34062,1.14163,,,,0.003125,0.004583,0.00325071,0.001209,0.001916,0.00126699,,,,,,
20260930-011213,7,BurstGpu,500,idle,600,0,0,OSXPlayer,Metal,Mac17 8,18,1920x1080,1.10412,1.48617,1.1846,1.10396,1.4825,1.18464,0.218251,0.297334,0.228503,0.596,1.13713,0.651857,,,,0.001792,0.003416,0.00198632,0.00075,0.001375,0.00082897,,,,,,
20260930-011213,8,Stock,2000,idle,600,0,0,OSXPlayer,Metal,Mac17 8,18,1920x1080,28.7007,31.2291,29.0583,28.6988,31.2267,29.0588,5.90804,6.66138,5.98582,1.86092,2.15038,1.90133,,,,10.7917,11.8752,10.9466,16.3395,17.699,16.5577,,,,,,
20260930-011213,9,StockThreaded,2000,idle,600,0,0,OSXPlayer,Metal,Mac17 8,18,1920x1080,7.99734,9.01092,8.11696,7.75379,8.99779,7.86398,6.27683,6.83867,6.31379,1.86887,1.8795,1.88045,,,,2.36071,2.84675,2.4176,4.16558,4.43988,4.21845,,,,,,
20260930-011213,10,BurstCpu,2000,idle,600,0,0,OSXPlayer,Metal,Mac17 8,18,1920x1080,8.40784,9.717,8.51585,7.57588,8.89533,7.68013,6.585,7.39842,6.63792,1.86375,2.42104,1.94457,,,,0.004375,0.006666,0.00439039,0.002792,0.0045,0.00298236,,,,,,
20260930-011213,11,BurstGpu,2000,idle,600,0,0,OSXPlayer,Metal,Mac17 8,18,1920x1080,5.59838,6.30188,5.66947,5.59804,6.31821,5.67199,1.01533,1.09042,1.02172,1.95642,2.22817,1.81585,,,,0.004125,0.005958,0.00411801,0.003584,0.005166,0.00369947,,,,,,
20260930-011213,12,Stock,100,walk,600,0,0,OSXPlayer,Metal,Mac17 8,18,1920x1080,1.5033,1.62258,1.53466,1.503,1.61358,1.5338,0.280458,0.317833,0.283921,0.420292,0.430458,0.432116,,,,0.571,0.609583,0.575649,0.707417,0.744958,0.710506,,,,,,
20260930-011213,13,StockThreaded,100,walk,600,0,0,OSXPlayer,Metal,Mac17 8,18,1920x1080,0.604379,0.789172,0.648491,0.603791,0.773708,0.64712,0.287833,0.357083,0.296236,0.420542,0.440083,0.430069,,,,0.182833,0.221584,0.188379,0.221667,0.265375,0.224499,,,,,,
20260930-011213,14,BurstCpu,100,walk,600,0,0,OSXPlayer,Metal,Mac17 8,18,1920x1080,0.401502,0.503834,0.419835,0.400834,0.503207,0.419279,0.241459,0.303584,0.247767,0.180083,0.183958,0.181572,,,,0.000917,0.00125,0.000972592,0.000417,0.000584,0.000437497,,,,,,
20260930-011213,15,BurstGpu,100,walk,600,0,0,OSXPlayer,Metal,Mac17 8,18,1920x1080,0.500751,0.603749,0.509808,0.499749,0.601416,0.50623,0.30675,0.367166,0.312182,0.255958,0.43975,0.276116,,,,0.001458,0.003167,0.00167661,0.0005,0.000834,0.000560552,,,,,,
20260930-011213,16,Stock,500,walk,600,0,0,OSXPlayer,Metal,Mac17 8,18,1920x1080,9.02541,10.4315,9.15616,9.02246,10.4295,9.15408,1.53971,1.73763,1.55685,1.13992,1.64825,1.19562,,,,3.8925,4.64679,3.96233,4.50254,4.97079,4.55469,,,,,,
20260930-011213,17,StockThreaded,500,walk,600,0,0,OSXPlayer,Metal,Mac17 8,18,1920x1080,2.09612,2.30792,2.10415,2.09462,2.31767,2.10514,1.44896,1.59567,1.46006,1.13342,1.15125,1.13693,,,,0.627,0.7665,0.650232,0.955042,1.04113,0.963129,,,,,,
20260930-011213,18,BurstCpu,500,walk,600,0,0,OSXPlayer,Metal,Mac17 8,18,1920x1080,1.70146,2.00291,1.73002,1.58246,1.87338,1.61904,1.228,1.46763,1.26088,1.13429,1.15187,1.13577,,,,0.002333,0.004,0.00248389,0.000875,0.0015,0.000936818,,,,,,
20260930-011213,19,BurstGpu,500,walk,600,0,0,OSXPlayer,Metal,Mac17 8,18,1920x1080,1.89563,2.09392,1.89069,1.78817,1.97829,1.8131,1.31163,1.41721,1.32381,0.487917,1.135,0.54717,,,,0.002875,0.007666,0.00364626,0.001042,0.001458,0.00107709,,,,,,
20260930-011213,20,Stock,2000,walk,600,0,0,OSXPlayer,Metal,Mac17 8,18,1920x1080,32.2012,34.1012,32.5364,32.1994,34.1008,32.5363,5.70404,6.49717,5.80746,1.97175,1.98563,1.97854,,,,14.1521,15.0109,14.3038,16.5439,17.6073,16.7228,,,,,,
20260930-011213,21,StockThreaded,2000,walk,600,0,0,OSXPlayer,Metal,Mac17 8,18,1920x1080,8.39454,9.60621,8.69586,8.29188,9.60571,8.60418,6.38825,6.97588,6.44698,1.97171,1.99179,1.99651,,,,2.67121,3.109,2.81261,4.28342,5.03946,4.48335,,,,,,
20260930-011213,22,BurstCpu,2000,walk,600,0,0,OSXPlayer,Metal,Mac17 8,18,1920x1080,7.88403,9.00767,7.99852,7.12771,7.98088,7.22627,6.17529,7.01213,6.27139,1.97221,2.047,1.93394,,,,0.003542,0.005833,0.00362862,0.001875,0.003292,0.00202833,,,,,,
20260930-011213,23,BurstGpu,2000,walk,600,0,0,OSXPlayer,Metal,Mac17 8,18,1920x1080,8.10492,9.69075,8.28984,8.03954,9.28842,8.15444,6.12692,7.27133,6.26758,2.03137,2.07388,2.01026,,,,0.003541,0.005917,0.00358994,0.001792,0.002959,0.00192096,,,,,,
20260930-011213,24,BurstGpu,100,idle,600,0,0,OSXPlayer,Metal,Mac17 8,18,1920x1080,0.390838,0.410998,0.355625,0.390418,0.411333,0.354202,0.073833,0.095042,0.0749276,0.118375,0.173292,0.126703,,,,0.000833,0.001458,0.000904035,0.000417,0.000542,0.000440785,,,,,,
20260930-011213,25,BurstCpu,100,idle,600,0,0,OSXPlayer,Metal,Mac17 8,18,1920x1080,0.400128,0.409332,0.406485,0.399626,0.408792,0.405553,0.233625,0.287209,0.239788,0.171917,0.36625,0.206306,,,,0.000625,0.000834,0.000647357,0.000416,0.0005,0.000399878,,,,,,
20260930-011213,26,StockThreaded,100,idle,600,0,0,OSXPlayer,Metal,Mac17 8,18,1920x1080,0.502126,0.704705,0.549346,0.501916,0.704083,0.548918,0.255209,0.322541,0.263067,0.1885,0.193167,0.193798,,,,0.148708,0.18375,0.15181,0.201959,0.244833,0.204995,,,,,,
20260930-011213,27,Stock,100,idle,600,0,0,OSXPlayer,Metal,Mac17 8,18,1920x1080,1.27592,1.49909,1.28017,1.21883,1.49829,1.27916,0.266167,0.316667,0.270598,0.43825,0.447458,0.409871,,,,0.401375,0.483541,0.413605,0.625333,0.704625,0.635836,,,,,,
20260930-011213,28,BurstGpu,500,idle,600,0,0,OSXPlayer,Metal,Mac17 8,18,1920x1080,1.20829,1.69588,1.30533,1.20833,1.6855,1.29473,0.270584,0.37525,0.282405,0.488458,0.528625,0.494616,,,,0.002125,0.004083,0.00233911,0.000792,0.001792,0.000943478,,,,,,
20260930-011213,29,BurstCpu,500,idle,600,0,0,OSXPlayer,Metal,Mac17 8,18,1920x1080,1.70595,2.09617,1.77384,1.62817,1.93842,1.65527,1.26292,1.45763,1.28144,1.11375,1.20558,1.11151,,,,0.002625,0.004333,0.00282245,0.001,0.001667,0.00109891,,,,,,
20260930-011213,30,StockThreaded,500,idle,600,0,0,OSXPlayer,Metal,Mac17 8,18,1920x1080,2.09663,2.51671,2.13482,2.09525,2.49988,2.1156,1.51921,1.71563,1.53661,1.113,1.18754,1.12484,,,,0.59075,0.75225,0.603254,0.976459,1.12325,0.994552,,,,,,
20260930-011213,31,Stock,500,idle,600,0,0,OSXPlayer,Metal,Mac17 8,18,1920x1080,7.40446,8.60858,7.50796,7.40287,8.61371,7.50349,1.44108,1.659,1.46178,1.11792,1.13875,1.12595,,,,2.74138,3.30338,2.78819,4.07767,4.64125,4.11722,,,,,,
20260930-011213,32,BurstGpu,2000,idle,600,0,0,OSXPlayer,Metal,Mac17 8,18,1920x1080,5.29929,5.89334,5.35103,5.29779,5.89154,5.34869,1.08892,1.18979,1.09396,1.95879,1.98479,1.90283,,,,0.003625,0.005458,0.00368472,0.00275,0.004209,0.00281959,,,,,,
20260930-011213,33,BurstCpu,2000,idle,600,0,0,OSXPlayer,Metal,Mac17 8,18,1920x1080,7.89592,8.89566,7.96149,7.20154,7.95554,7.26406,6.12629,6.77933,6.20349,1.86938,1.98458,1.79611,,,,0.003792,0.006166,0.00394264,0.002167,0.003875,0.00230773,,,,,,
20260930-011213,34,StockThreaded,2000,idle,600,0,0,OSXPlayer,Metal,Mac17 8,18,1920x1080,8.22,9.29646,8.36167,7.88679,8.69658,7.96907,6.52479,7.2555,6.60899,1.86262,2.06413,1.89907,,,,2.39079,2.69633,2.42324,4.21483,4.43625,4.25225,,,,,,
20260930-011213,35,Stock,2000,idle,600,0,0,OSXPlayer,Metal,Mac17 8,18,1920x1080,29.184,31.0975,29.371,29.1806,31.0082,29.3615,5.65763,6.36221,5.71326,1.86875,1.87842,1.8772,,,,11.1053,11.8713,11.2063,16.4523,17.5987,16.6379,,,,,,
20260930-011213,36,BurstGpu,100,walk,600,0,0,OSXPlayer,Metal,Mac17 8,18,1920x1080,0.499121,0.611295,0.497652,0.497542,0.611167,0.495132,0.309583,0.380583,0.314653,0.224042,0.231625,0.220749,,,,0.0015,0.003583,0.00171854,0.000542,0.001083,0.000634462,,,,,,
20260930-011213,37,BurstCpu,100,walk,600,0,0,OSXPlayer,Metal,Mac17 8,18,1920x1080,0.400666,0.499582,0.418502,0.40021,0.498875,0.418077,0.245166,0.296542,0.250793,0.221792,0.295083,0.214279,,,,0.00075,0.001333,0.00084256,0.000458,0.000625,0.000473613,,,,,,
20260930-011213,38,StockThreaded,100,walk,600,0,0,OSXPlayer,Metal,Mac17 8,18,1920x1080,0.597584,0.613542,0.570034,0.597124,0.61321,0.569108,0.260208,0.296208,0.262787,0.18,0.187542,0.190044,,,,0.165333,0.189875,0.167635,0.198083,0.230333,0.199395,,,,,,
20260930-011213,39,Stock,100,walk,600,0,0,OSXPlayer,Metal,Mac17 8,18,1920x1080,1.40129,1.68488,1.42068,1.40071,1.68662,1.42111,0.269416,0.331833,0.275768,0.4195,0.42925,0.403387,,,,0.513875,0.617416,0.53241,0.631125,0.731625,0.645424,,,,,,
20260930-011213,40,BurstGpu,500,walk,600,0,0,OSXPlayer,Metal,Mac17 8,18,1920x1080,1.89767,2.10762,1.89584,1.81946,2.08808,1.85392,1.30858,1.483,1.32846,1.11287,1.1525,0.865358,,,,0.003542,0.006958,0.0038471,0.001125,0.001708,0.00118309,,,,,,
20260930-011213,41,BurstCpu,500,walk,600,0,0,OSXPlayer,Metal,Mac17 8,18,1920x1080,1.70288,2.00475,1.74616,1.5765,1.77883,1.59781,1.25513,1.46154,1.28144,1.1295,1.15225,0.935359,,,,0.002167,0.00325,0.0022561,0.000875,0.001291,0.000908397,,,,,,
20260930-011213,42,StockThreaded,500,walk,600,0,0,OSXPlayer,Metal,Mac17 8,18,1920x1080,2.09609,2.31204,2.10152,2.09471,2.31421,2.09947,1.49533,1.68613,1.51592,1.13479,1.15313,1.14403,,,,0.625875,0.78975,0.643395,0.9615,1.04892,0.970607,,,,,,
20260930-011213,43,Stock,500,walk,600,0,0,OSXPlayer,Metal,Mac17 8,18,1920x1080,7.90542,8.89354,8.08933,7.90446,8.89217,8.08663,1.39017,1.50963,1.40032,1.13725,1.15496,1.14548,,,,3.37642,3.86483,3.46083,3.96775,4.42013,4.05105,,,,,,
20260930-011213,44,BurstGpu,2000,walk,600,0,0,OSXPlayer,Metal,Mac17 8,18,1920x1080,8.596,9.97808,8.75116,8.28033,9.87825,8.46362,6.52221,7.24754,6.57807,2.02775,2.05263,1.97289,,,,0.004167,0.006583,0.00422085,0.00225,0.003916,0.00240877,,,,,,
20260930-011213,45,BurstCpu,2000,walk,600,0,0,OSXPlayer,Metal,Mac17 8,18,1920x1080,7.60229,8.57054,7.7077,7.04904,7.4275,7.06663,5.92804,6.65396,6.02927,1.97092,1.98096,1.97335,,,,0.003166,0.004417,0.00305929,0.001542,0.002291,0.00163773,,,,,,
20260930-011213,46,StockThreaded,2000,walk,600,0,0,OSXPlayer,Metal,Mac17 8,18,1920x1080,8.29879,8.90383,8.3265,8.11967,8.59425,8.16576,6.51433,7.04417,6.5584,1.97283,1.98596,2.0058,,,,2.62979,2.79425,2.63419,4.26513,4.41358,4.2737,,,,,,
20260930-011213,47,Stock,2000,walk,600,0,0,OSXPlayer,Metal,Mac17 8,18,1920x1080,32.8962,35.5167,33.3858,32.9027,35.5186,33.3921,5.58517,6.39788,5.69626,1.97192,2.49362,2.04944,,,,14.4933,15.6526,14.7269,16.8639,18.1227,17.1063,,,,,,
