run_id,index,runtime,count,animation,frames,editor,development,platform,graphics,device,cpu_cores,resolution,backend,frame_ms_median,frame_ms_p95,frame_ms_mean,cpu_main_ms_median,cpu_main_ms_p95,cpu_main_ms_mean,cpu_render_ms_median,cpu_render_ms_p95,cpu_render_ms_mean,gpu_ms_median,gpu_ms_p95,gpu_ms_mean,gc_bytes_median,gc_bytes_p95,gc_bytes_mean,script_update_ms_median,script_update_ms_p95,script_update_ms_mean,script_late_ms_median,script_late_ms_p95,script_late_ms_mean,burst_schedule_ms_median,burst_schedule_ms_p95,burst_schedule_ms_mean,burst_complete_ms_median,burst_complete_ms_p95,burst_complete_ms_mean,burst_topology_median,burst_topology_p95,burst_topology_mean,burst_advance_ms_median,burst_advance_ms_p95,burst_advance_ms_mean,burst_headers_ms_median,burst_headers_ms_p95,burst_headers_ms_mean,burst_jobsetup_ms_median,burst_jobsetup_ms_p95,burst_jobsetup_ms_mean,burst_wait_ms_median,burst_wait_ms_p95,burst_wait_ms_mean,burst_apply_ms_median,burst_apply_ms_p95,burst_apply_ms_mean,burst_events_ms_median,burst_events_ms_p95,burst_events_ms_mean,unity_render_ms_median,unity_render_ms_p95,unity_render_ms_mean,unity_present_wait_ms_median,unity_present_wait_ms_p95,unity_present_wait_ms_mean,playerloop_ms_median,playerloop_ms_p95,playerloop_ms_mean
20261002-190834,0,Stock,100,idle,600,0,0,OSXPlayer,Metal,Mac17 8,18,1920x1080,IL2CPP,1.68912,1.89687,1.68544,1.68667,1.89525,1.68476,0.803876,0.88725,0.810279,0.4105,0.559,0.45417,,,,0.586291,0.660208,0.59515,0.775917,0.84175,0.781738,,,,,,,,,,,,,,,,,,,,,,,,,,,,0.150875,0.19675,0.15098,8.4E-05,0.000209,0.000158443,1.68704,1.89533,1.68484
20261002-190834,1,StockThreaded,100,idle,600,0,0,OSXPlayer,Metal,Mac17 8,18,1920x1080,IL2CPP,1.40096,1.57133,1.40431,0.816917,1.00642,0.833656,1.00779,1.14683,1.02026,0.409,0.41675,0.412418,,,,0.176,0.203125,0.178304,0.377708,0.502542,0.387599,,,,,,,,,,,,,,,,,,,,,,,,,,,,0.699917,0.850209,0.697677,0.572958,0.708958,0.569239,1.40013,1.57108,1.40367
20261002-190834,2,BurstCpu,100,idle,600,0,0,OSXPlayer,Metal,Mac17 8,18,1920x1080,IL2CPP,0.391001,0.411706,0.358992,0.390376,0.412207,0.358113,0.068209,0.078667,0.0685477,0.126042,0.127292,0.12668,,,,0.000875,0.001583,0.000937412,0.000208,0.000292,0.000202772,0.023,0.0273,0.024271,0.1608,0.1864,0.161095,0,0,0,0.0045,0.0053,0.00452567,0.0152,0.018,0.0154873,0.0026,0.0047,0.00372317,0.1564,0.1812,0.156609,0.0027,0.0032,0.00278017,0.0017,0.0018,0.0017055,0.075167,0.112084,0.0792673,4.2E-05,8.4E-05,5.57867E-05,0.390417,0.412333,0.358212
20261002-190834,3,BurstGpu,100,idle,600,0,0,OSXPlayer,Metal,Mac17 8,18,1920x1080,IL2CPP,0.30321,0.409332,0.330499,0.302625,0.409541,0.329212,0.069708,0.079833,0.0702795,0.132667,0.178125,0.128684,,,,0.000791,0.001167,0.00081882,0.000167,0.000291,0.00018786,0.0233,0.0273,0.0234612,0.1513,0.173,0.151959,0,0,0,0.0042,0.0049,0.00424517,0.0159,0.019,0.0160603,0.0025,0.0037,0.00263333,0.1363,0.1585,0.13685,0.0132,0.0167,0.013463,0.0016,0.0018,0.00164617,0.073959,0.107083,0.0783456,8.4E-05,0.000125,9.09833E-05,0.302833,0.409709,0.329693
20261002-190834,4,Stock,500,idle,600,0,0,OSXPlayer,Metal,Mac17 8,18,1920x1080,IL2CPP,9.51021,10.8091,9.70165,9.50763,10.7909,9.68806,3.94467,4.71067,4.06,1.10896,1.27717,1.11449,,,,3.88625,4.31733,3.95515,5.01908,5.63604,5.10112,,,,,,,,,,,,,,,,,,,,,,,,,,,,0.347209,0.441542,0.357769,0.00025,0.000334,0.000993057,9.50838,10.8088,9.70043
20261002-190834,5,StockThreaded,500,idle,600,0,0,OSXPlayer,Metal,Mac17 8,18,1920x1080,IL2CPP,7.09638,7.75029,7.20235,4.15067,5.32779,4.31037,4.93,5.63117,4.92632,1.11033,1.50737,1.14635,,,,0.801625,1.01771,0.862548,2.694,3.7,2.83901,,,,,,,,,,,,,,,,,,,,,,,,,,,,3.21663,4.07454,3.26954,2.84017,3.73292,2.89308,7.09546,7.74721,7.20136
20261002-190834,6,BurstCpu,500,idle,600,0,0,OSXPlayer,Metal,Mac17 8,18,1920x1080,IL2CPP,1.1935,1.50471,1.20382,1.19196,1.50413,1.20253,0.285583,0.357124,0.286085,0.7105,0.74025,0.727169,,,,0.003166,0.00675,0.00357645,0.000417,0.000875,0.000483102,0.1471,0.1887,0.154851,0.5997,0.7283,0.612323,0,0,0,0.0466,0.063,0.0478655,0.0922,0.1122,0.0972993,0.006,0.0096,0.0073945,0.5449,0.6575,0.555599,0.0349,0.0456,0.0356992,0.0207,0.0274,0.0210247,0.280167,0.412291,0.293866,0.000125,0.000291,0.000120082,1.19229,1.50438,1.20277
20261002-190834,7,BurstGpu,500,idle,600,0,0,OSXPlayer,Metal,Mac17 8,18,1920x1080,IL2CPP,1.09974,1.20446,1.09901,1.09837,1.20392,1.0977,0.277751,0.309415,0.279443,0.512875,0.527375,0.51591,,,,0.002625,0.003958,0.00279494,0.000417,0.000667,0.000459925,0.15,0.1655,0.156392,0.546,0.6181,0.549062,0,0,0,0.0463,0.0537,0.0467922,0.0944,0.1047,0.100784,0.006,0.0108,0.00670567,0.4414,0.5054,0.444553,0.0825,0.0947,0.082782,0.0215,0.0256,0.0217273,0.261833,0.288583,0.262701,0.000125,0.000292,0.00013276,1.09846,1.20404,1.09817
20261002-190834,8,Stock,2000,idle,600,0,0,OSXPlayer,Metal,Mac17 8,18,1920x1080,IL2CPP,38.0876,42.1018,38.6217,38.003,42.0041,38.597,16.2157,18.5668,16.4328,2.59571,2.72721,2.57945,,,,15.7644,17.8131,16.0542,20.7821,22.9015,21.0804,,,,,,,,,,,,,,,,,,,,,,,,,,,,0.885959,1.03504,0.902982,0.00025,0.000375,0.000258895,38.0848,42.1015,38.6201
20261002-190834,9,StockThreaded,2000,idle,600,0,0,OSXPlayer,Metal,Mac17 8,18,1920x1080,IL2CPP,24.3038,27.0967,25.0312,17.1825,20.479,17.6276,16.1475,18.8412,16.5194,2.59821,2.62108,2.58523,,,,3.26379,3.76521,3.60627,12.4229,14.9261,12.4721,,,,,,,,,,,,,,,,,,,,,,,,,,,,8.94204,10.6228,8.40648,7.98208,9.61254,7.40057,24.3027,27.0958,25.03
20261002-190834,10,BurstCpu,2000,idle,600,0,0,OSXPlayer,Metal,Mac17 8,18,1920x1080,IL2CPP,3.90317,4.19875,3.94417,3.90238,4.19667,3.94323,0.886999,1.031,0.901377,1.93767,1.96012,1.93647,,,,0.004875,0.007209,0.00496556,0.000833,0.001375,0.000893182,0.7677,0.8264,0.780656,2.3006,2.4707,2.32242,0,0,0,0.2363,0.2645,0.238778,0.5182,0.5575,0.526878,0.0095,0.0134,0.0119967,1.9792,2.138,1.99743,0.2214,0.2392,0.22333,0.0999,0.1135,0.101659,0.672459,0.743709,0.674874,0.00025,0.000375,0.000253812,3.90233,4.19683,3.9431
20261002-190834,11,BurstGpu,2000,idle,600,0,0,OSXPlayer,Metal,Mac17 8,18,1920x1080,IL2CPP,3.90595,4.11625,3.96218,3.90517,4.11825,3.96065,0.937667,1.05108,0.950678,1.58242,1.59975,1.58517,,,,0.005209,0.0075,0.00526665,0.001041,0.001667,0.00108349,0.8446,0.8991,0.87278,2.2503,2.3535,2.25383,0,0,0,0.2454,0.2714,0.247958,0.5831,0.6153,0.601597,0.0125,0.0165,0.0198873,1.7307,1.8245,1.73484,0.3865,0.41,0.388386,0.1302,0.1394,0.130614,0.657708,0.723,0.661112,0.000292,0.000458,0.000319168,3.90558,4.11813,3.96093
20261002-190834,12,Stock,100,walk,600,0,0,OSXPlayer,Metal,Mac17 8,18,1920x1080,IL2CPP,1.807,2.00479,1.85385,1.80704,2.00525,1.85316,0.821083,0.902624,0.829914,0.410375,0.416375,0.410498,,,,0.666583,0.758708,0.681781,0.838,0.900458,0.847066,,,,,,,,,,,,,,,,,,,,,,,,,,,,0.173333,0.213959,0.174723,0.000125,0.00025,0.000149173,1.80708,2.00542,1.85313
20261002-190834,13,StockThreaded,100,walk,600,0,0,OSXPlayer,Metal,Mac17 8,18,1920x1080,IL2CPP,1.10354,1.21755,1.15251,0.951499,1.06088,0.945116,0.802958,0.861584,0.810466,0.41025,0.416,0.410368,,,,0.184458,0.211875,0.186393,0.48675,0.556125,0.477586,,,,,,,,,,,,,,,,,,,,,,,,,,,,0.349833,0.485791,0.350403,0.203667,0.339875,0.205023,1.10313,1.218,1.15178
20261002-190834,14,BurstCpu,100,walk,600,0,0,OSXPlayer,Metal,Mac17 8,18,1920x1080,IL2CPP,0.899922,0.99521,0.900658,0.898959,0.994792,0.899774,0.109625,0.126875,0.110929,0.29525,0.298333,0.295447,,,,0.002666,0.004209,0.00282979,0.000333,0.000542,0.000344932,0.0337,0.0385,0.0340618,0.5717,0.6165,0.575604,0,0,0,0.0077,0.0091,0.00777817,0.0202,0.0231,0.0203253,0.0041,0.0072,0.00448383,0.5586,0.6008,0.562462,0.0087,0.0109,0.00890717,0.0041,0.0054,0.00423483,0.157291,0.1895,0.160373,0.000125,0.00025,0.000141033,0.899041,0.994875,0.899829
20261002-190834,15,BurstGpu,100,walk,600,0,0,OSXPlayer,Metal,Mac17 8,18,1920x1080,IL2CPP,1.09442,1.29595,1.10183,1.09246,1.29363,1.10118,0.137542,0.192166,0.144687,0.407708,0.427458,0.398704,,,,0.004416,0.008167,0.00477888,0.000625,0.001333,0.000698257,0.048,0.0764,0.0534233,0.6503,0.809,0.68581,0,0,0,0.0118,0.0192,0.0130955,0.0273,0.0433,0.0302728,0.0066,0.013,0.0075745,0.6201,0.7722,0.650619,0.0243,0.0545,0.029129,0.0052,0.0112,0.00606267,0.201292,0.269541,0.207282,0.000208,0.000417,0.000213833,1.09171,1.29325,1.10058
20261002-190834,16,Stock,500,walk,600,0,0,OSXPlayer,Metal,Mac17 8,18,1920x1080,IL2CPP,10.013,10.4946,10.0775,10.0119,10.4949,10.076,4.09687,4.56375,4.16805,1.10888,1.11938,1.11037,,,,4.221,4.44925,4.24513,5.22554,5.42992,5.23848,,,,,,,,,,,,,,,,,,,,,,,,,,,,0.360125,0.411125,0.362571,0.00025,0.000375,0.000258598,10.0124,10.4948,10.0763
20261002-190834,17,StockThreaded,500,walk,600,0,0,OSXPlayer,Metal,Mac17 8,18,1920x1080,IL2CPP,6.29433,6.516,6.27431,4.57421,4.79162,4.61395,4.09471,4.34088,4.12055,1.11104,1.12117,1.11151,,,,0.912042,1.01896,0.922842,3.06658,3.25633,3.09501,,,,,,,,,,,,,,,,,,,,,,,,,,,,2.06875,2.30163,2.04434,1.68713,1.90825,1.6591,6.29367,6.51621,6.2734
20261002-190834,18,BurstCpu,500,walk,600,0,0,OSXPlayer,Metal,Mac17 8,18,1920x1080,IL2CPP,1.50437,1.61541,1.5445,1.504,1.61642,1.54336,0.295167,0.324458,0.298121,0.718708,0.728417,0.719243,,,,0.003291,0.005584,0.00354041,0.000417,0.000708,0.000446122,0.1561,0.1705,0.163,0.9628,1.0328,0.969636,0,0,0,0.0493,0.0548,0.0496285,0.0981,0.1081,0.10518,0.0054,0.0099,0.00607283,0.8853,0.9533,0.891596,0.0516,0.0615,0.0523965,0.0254,0.0286,0.0256432,0.2745,0.314666,0.277713,0.000167,0.000333,0.000187578,1.50404,1.61663,1.54357
20261002-190834,19,BurstGpu,500,walk,600,0,0,OSXPlayer,Metal,Mac17 8,18,1920x1080,IL2CPP,1.69921,1.80996,1.70734,1.69817,1.80996,1.70702,0.355542,0.418666,0.360263,0.547167,0.600375,0.551675,,,,0.004375,0.006959,0.00457199,0.000625,0.001041,0.00127462,0.1798,0.1999,0.191741,1.0531,1.145,1.04495,0,0,0,0.0566,0.0673,0.0581343,0.1115,0.1266,0.123059,0.0074,0.0116,0.00789367,0.8526,0.9957,0.870622,0.1377,0.1884,0.1383,0.0321,0.0536,0.0360232,0.30375,0.365417,0.309141,0.000333,0.000542,0.000346678,1.69796,1.80967,1.70613
20261002-190834,20,Stock,2000,walk,600,0,0,OSXPlayer,Metal,Mac17 8,18,1920x1080,IL2CPP,39.4996,40.6946,39.6188,39.4974,40.6841,39.613,15.763,17.6616,16.1054,2.582,2.59071,2.58578,,,,16.7101,17.5439,16.8211,21.2841,21.9474,21.3199,,,,,,,,,,,,,,,,,,,,,,,,,,,,0.913083,0.982291,0.912789,0.00025,0.000375,0.000251535,39.4989,40.6926,39.6173
20261002-190834,21,StockThreaded,2000,walk,600,0,0,OSXPlayer,Metal,Mac17 8,18,1920x1080,IL2CPP,25.3054,28.3048,25.5738,17.7523,19.6102,18.0838,17.164,19.7052,17.3988,2.58462,2.59358,2.58662,,,,3.53013,3.83992,3.57919,12.6908,14.3386,12.9823,,,,,,,,,,,,,,,,,,,,,,,,,,,,8.22629,11.0416,8.46886,7.24179,10.0451,7.48917,25.306,28.3046,25.5727
20261002-190834,22,BurstCpu,2000,walk,600,0,0,OSXPlayer,Metal,Mac17 8,18,1920x1080,IL2CPP,3.98617,4.29812,4.00051,3.98313,4.29583,3.99969,0.919876,1.07412,0.936062,1.92938,1.955,1.85601,,,,0.005208,0.007584,0.0053355,0.000917,0.001625,0.000995622,0.7731,0.8571,0.793308,2.3406,2.5165,2.36028,0,0,0,0.2398,0.2782,0.244329,0.5186,0.5647,0.53091,0.0096,0.0143,0.0147317,2.0131,2.1815,2.03104,0.2218,0.2453,0.223772,0.1034,0.1206,0.105472,0.672,0.759875,0.675592,0.000166,0.00025,0.000164638,3.98313,4.29583,3.99943
20261002-190834,23,BurstGpu,2000,walk,600,0,0,OSXPlayer,Metal,Mac17 8,18,1920x1080,IL2CPP,3.91176,4.20321,3.98466,3.91321,4.20133,3.98386,0.960502,1.11592,0.978142,1.58229,1.60004,1.58389,,,,0.005125,0.007459,0.00530681,0.000959,0.001791,0.00105749,0.8452,0.9123,0.87317,2.2656,2.3865,2.27586,0,0,0,0.2497,0.2762,0.252519,0.5786,0.6143,0.599158,0.0128,0.0171,0.0180793,1.7471,1.8559,1.75461,0.3852,0.4116,0.387564,0.133,0.1427,0.133683,0.654209,0.719417,0.657626,0.000292,0.000458,0.000310358,3.91288,4.20125,3.98349
20261002-190834,24,Stock,100,switch,600,0,0,OSXPlayer,Metal,Mac17 8,18,1920x1080,IL2CPP,1.99546,2.29809,2.00352,1.99367,2.29638,2.00188,0.849292,0.955,0.858719,0.410667,0.41625,0.412357,,,,0.779333,0.914292,0.795065,0.855542,0.9785,0.867822,,,,,,,,,,,,,,,,,,,,,,,,,,,,0.179292,0.225833,0.183554,0.000166,0.00025,0.0001557,1.9945,2.2965,2.00269
20261002-190834,25,StockThreaded,100,switch,600,0,0,OSXPlayer,Metal,Mac17 8,18,1920x1080,IL2CPP,1.19962,1.30446,1.17601,0.964708,1.07742,0.963146,0.81875,0.882125,0.826221,0.410625,0.416625,0.413367,,,,0.19325,0.221959,0.196041,0.485541,0.564375,0.481087,,,,,,,,,,,,,,,,,,,,,,,,,,,,0.353208,0.491167,0.360258,0.208875,0.333,0.212061,1.19879,1.30458,1.17513
20261002-190834,26,BurstCpu,100,switch,600,0,0,OSXPlayer,Metal,Mac17 8,18,1920x1080,IL2CPP,0.900291,1.00208,0.908995,0.899333,0.999917,0.908106,0.114417,0.132792,0.116577,0.297625,0.301125,0.301381,,,,0.002958,0.004875,0.00321352,0.000333,0.0005,0.000344773,0.0355,0.0525,0.0379423,0.5802,0.6176,0.582212,0,0,0.00666667,0.0082,0.0226,0.0107215,0.0209,0.0247,0.0212253,0.004,0.0075,0.00451517,0.5661,0.6025,0.567948,0.0088,0.0116,0.00912417,0.0044,0.0093,0.00514017,0.154917,0.184417,0.158371,0.000125,0.000291,0.000145428,0.899458,0.999959,0.908187
20261002-190834,27,BurstGpu,100,switch,600,0,0,OSXPlayer,Metal,Mac17 8,18,1920x1080,IL2CPP,1.10363,1.30313,1.11905,1.1035,1.30004,1.1174,0.142209,0.203666,0.151513,0.400208,0.424583,0.394965,,,,0.004708,0.009833,0.00537188,0.000583,0.001291,0.000679077,0.0616,0.1074,0.0674032,0.6614,0.8259,0.694055,0,0,0,0.0168,0.0562,0.023569,0.0314,0.0471,0.0343502,0.0061,0.0128,0.00712867,0.6171,0.7739,0.651823,0.0252,0.0652,0.0324905,0.0068,0.0228,0.00974167,0.195917,0.265,0.202678,0.000208,0.000417,0.000215788,1.10375,1.30042,1.11783
20261002-190834,28,Stock,500,switch,600,0,0,OSXPlayer,Metal,Mac17 8,18,1920x1080,IL2CPP,10.7049,11.4015,10.7989,10.7033,11.4003,10.7963,4.28813,4.79992,4.36501,1.11325,1.12363,1.1137,,,,4.86742,5.28442,4.91371,5.26788,5.55921,5.28759,,,,,,,,,,,,,,,,,,,,,,,,,,,,0.359417,0.410458,0.362448,0.00025,0.000334,0.000253632,10.7039,11.4002,10.7975
20261002-190834,29,StockThreaded,500,switch,600,0,0,OSXPlayer,Metal,Mac17 8,18,1920x1080,IL2CPP,6.79724,7.21163,6.7795,4.66871,5.18288,4.71761,4.48875,4.82963,4.46606,1.11446,1.12542,1.11551,,,,1.00021,1.12529,1.01498,3.0685,3.45379,3.09751,,,,,,,,,,,,,,,,,,,,,,,,,,,,2.47663,2.92033,2.45163,2.08817,2.52192,2.06111,6.79638,7.21013,6.77854
20261002-190834,30,BurstCpu,500,switch,600,0,0,OSXPlayer,Metal,Mac17 8,18,1920x1080,IL2CPP,1.78255,2.09858,1.76303,1.713,2.09696,1.76012,0.315417,0.400876,0.326834,0.718375,0.728125,0.717273,,,,0.004875,0.015709,0.00713523,0.000542,0.001,0.000595425,0.2977,0.4687,0.313394,1.0095,1.0991,1.01693,0,2,0.318333,0.1521,0.2897,0.164564,0.132,0.1706,0.140005,0.0063,0.0103,0.00669,0.8997,0.9664,0.9069,0.0553,0.0654,0.0560173,0.0557,0.091,0.0540102,0.276084,0.319125,0.277374,0.000167,0.000291,0.00016864,1.779,2.09708,1.76201
20261002-190834,31,BurstGpu,500,switch,600,0,0,OSXPlayer,Metal,Mac17 8,18,1920x1080,IL2CPP,2.09167,2.29734,2.03384,2.08929,2.29483,2.03043,0.387416,0.461041,0.389353,0.617917,0.6795,0.603904,,,,0.007375,0.017208,0.00882221,0.000667,0.001166,0.000718802,0.4058,0.5144,0.374544,1.2013,1.2911,1.17353,0,0,0,0.22,0.3164,0.199802,0.1692,0.1947,0.163938,0.0079,0.0121,0.0083335,0.981,1.0448,0.956028,0.1321,0.2028,0.136022,0.0988,0.1302,0.0814797,0.298667,0.370042,0.306153,0.00025,0.000417,0.00027729,2.08963,2.29554,2.03275
20261002-190834,32,Stock,2000,switch,600,0,0,OSXPlayer,Metal,Mac17 8,18,1920x1080,IL2CPP,42.9039,48.2406,43.6863,42.9035,48.2384,43.6839,17.9826,20.2782,17.9859,2.58838,2.59958,2.59361,,,,19.5694,22.9478,20.1042,21.8303,23.6,22.0283,,,,,,,,,,,,,,,,,,,,,,,,,,,,0.944,1.08713,0.953761,0.00025,0.000375,0.000244638,42.9034,48.2385,43.6846
20261002-190834,33,StockThreaded,2000,switch,600,0,0,OSXPlayer,Metal,Mac17 8,18,1920x1080,IL2CPP,27.6824,29.2038,27.683,18.4296,21.4221,18.9713,18.3563,19.9611,18.3629,2.59025,2.892,2.58673,,,,3.99017,4.51717,4.05624,12.8568,15.0383,13.2525,,,,,,,,,,,,,,,,,,,,,,,,,,,,9.91267,11.6318,9.80416,8.857,10.5956,8.70964,27.6702,29.2035,27.6816
20261002-190834,34,BurstCpu,2000,switch,600,0,0,OSXPlayer,Metal,Mac17 8,18,1920x1080,IL2CPP,5.61337,6.30146,5.66786,5.6105,6.30071,5.65876,1.26608,1.42642,1.25661,1.89692,1.93146,1.90387,,,,0.083375,0.134708,0.0815352,0.001542,0.002417,0.0015859,1.9124,2.2929,1.89051,2.7232,2.9613,2.72345,6,12,6.00667,1.1217,1.3931,1.11172,0.7591,0.8742,0.76066,0.013,0.0172,0.015716,2.0496,2.2401,2.07372,0.2708,0.31,0.273894,0.4053,0.4691,0.375838,0.711541,0.802667,0.715112,0.00025,0.000375,0.000261407,5.61433,6.30071,5.66665
20261002-190834,35,BurstGpu,2000,switch,600,0,0,OSXPlayer,Metal,Mac17 8,18,1920x1080,IL2CPP,5.69333,6.4977,5.69483,5.69079,6.49608,5.68548,1.34825,1.518,1.34049,1.67387,1.74037,1.66191,,,,0.083,0.134167,0.0821014,0.00175,0.002833,0.00180923,2.0139,2.4648,1.97054,2.5855,2.7762,2.5864,0,0,0,1.1231,1.4501,1.10914,0.8682,0.9646,0.842626,0.0159,0.0223,0.0162102,1.6538,1.8327,1.67697,0.46,0.5022,0.463066,0.4818,0.5376,0.446359,0.777459,0.874584,0.777887,0.000167,0.00025,0.000170693,5.69117,6.49604,5.69362
20261002-190834,36,BurstGpu,100,idle,600,0,0,OSXPlayer,Metal,Mac17 8,18,1920x1080,IL2CPP,1.10096,1.30017,1.11001,1.09904,1.29587,1.10799,0.146,0.200209,0.154222,0.401208,0.4275,0.3949,,,,0.004625,0.008584,0.00502811,0.000625,0.001291,0.000682842,0.0514,0.0775,0.0562538,0.6478,0.8123,0.681402,0,0,0,0.0125,0.0194,0.0133838,0.0288,0.044,0.0324775,0.0071,0.0135,0.00785,0.6179,0.7704,0.645668,0.0244,0.0584,0.0292253,0.0054,0.013,0.00650817,0.207792,0.281875,0.216061,0.000208,0.000417,0.000245062,1.0995,1.296,1.10874
20261002-190834,37,BurstCpu,100,idle,600,0,0,OSXPlayer,Metal,Mac17 8,18,1920x1080,IL2CPP,0.90304,1.01241,0.934346,0.902708,1.01329,0.934018,0.117792,0.152001,0.12268,0.294583,0.29825,0.297544,,,,0.002833,0.004792,0.00303064,0.000375,0.000584,0.000377495,0.0361,0.0456,0.0372638,0.5742,0.6241,0.579157,0,0,0,0.0079,0.011,0.0083915,0.022,0.0271,0.0225145,0.0044,0.0074,0.00477117,0.561,0.6084,0.565825,0.0086,0.0116,0.0089845,0.0042,0.0057,0.004347,0.175041,0.2345,0.182752,0.000166,0.000292,0.000165505,0.902667,1.01317,0.933456
20261002-190834,38,StockThreaded,100,idle,600,0,0,OSXPlayer,Metal,Mac17 8,18,1920x1080,IL2CPP,1.19991,1.30742,1.17765,0.968333,1.12796,0.972402,0.82375,0.8895,0.830503,0.409375,0.4155,0.409579,,,,0.184333,0.210417,0.186406,0.494709,0.628917,0.496394,,,,,,,,,,,,,,,,,,,,,,,,,,,,0.345666,0.500667,0.353621,0.200333,0.347167,0.204403,1.19879,1.30742,1.17689
20261002-190834,39,Stock,100,idle,600,0,0,OSXPlayer,Metal,Mac17 8,18,1920x1080,IL2CPP,1.80075,2.07975,1.82582,1.8,2.07729,1.82504,0.831833,0.921917,0.840261,0.408875,0.414667,0.410518,,,,0.62975,0.715541,0.642499,0.838916,0.923291,0.850791,,,,,,,,,,,,,,,,,,,,,,,,,,,,0.176125,0.2265,0.180717,0.000125,0.000209,0.00012411,1.80017,2.07746,1.82498
20261002-190834,40,BurstGpu,500,idle,600,0,0,OSXPlayer,Metal,Mac17 8,18,1920x1080,IL2CPP,1.70462,2.07312,1.76418,1.70429,2.05825,1.762,0.432959,0.557292,0.448992,0.561,0.680458,0.555321,,,,0.004958,0.008125,0.0053304,0.000625,0.001167,0.000676215,0.1866,0.2348,0.203458,1.0219,1.1647,1.02486,0,0,0,0.058,0.0758,0.0603568,0.1182,0.1441,0.131955,0.0077,0.0122,0.00837667,0.8418,0.9899,0.856186,0.1191,0.1911,0.130463,0.0355,0.0583,0.0382122,0.360041,0.460833,0.364167,0.000292,0.000584,0.000337732,1.70463,2.06425,1.76284
20261002-190834,41,BurstCpu,500,idle,600,0,0,OSXPlayer,Metal,Mac17 8,18,1920x1080,IL2CPP,1.50108,1.60579,1.52252,1.50033,1.60517,1.52153,0.26654,0.288375,0.268379,0.716375,0.723833,0.719562,,,,0.003208,0.004583,0.0033255,0.000458,0.000666,0.00045528,0.1592,0.1724,0.166974,0.9509,1.0146,0.957317,0,0,0,0.0486,0.0551,0.0492705,0.1019,0.1118,0.109457,0.0056,0.0096,0.00617167,0.8764,0.9376,0.8828,0.0498,0.0566,0.0502707,0.024,0.0274,0.0242463,0.258083,0.287208,0.259769,0.000209,0.000333,0.000222545,1.50046,1.60525,1.52157
20261002-190834,42,StockThreaded,500,idle,600,0,0,OSXPlayer,Metal,Mac17 8,18,1920x1080,IL2CPP,6.58613,7.00347,6.54732,4.53313,4.93733,4.5781,4.47846,4.77217,4.41389,1.112,1.12188,1.11406,,,,0.88275,1.00054,0.89615,3.06417,3.33208,3.09378,,,,,,,,,,,,,,,,,,,,,,,,,,,,2.35654,2.76708,2.33969,1.98508,2.39417,1.96857,6.58513,7.00363,6.54635
20261002-190834,43,Stock,500,idle,600,0,0,OSXPlayer,Metal,Mac17 8,18,1920x1080,IL2CPP,10.098,11.3062,10.2727,10.0968,11.3063,10.2729,4.18179,4.43238,4.19383,1.10962,1.54587,1.11467,,,,4.11054,4.77617,4.21046,5.32875,5.90521,5.40395,,,,,,,,,,,,,,,,,,,,,,,,,,,,0.39125,0.476042,0.397734,0.00025,0.000375,0.000248978,10.095,11.3065,10.271
20261002-190834,44,BurstGpu,2000,idle,600,0,0,OSXPlayer,Metal,Mac17 8,18,1920x1080,IL2CPP,4.00784,4.49533,4.10719,4.00658,4.49346,4.10614,1.05313,1.19867,1.07234,1.57604,1.59813,1.47851,,,,0.005375,0.008167,0.0056234,0.001125,0.002333,0.00129834,0.8521,0.9421,0.883071,2.2805,2.5625,2.31862,0,0,0,0.2491,0.2823,0.253613,0.5861,0.6412,0.609548,0.0133,0.0177,0.01637,1.7537,2.01,1.78812,0.39,0.427,0.393245,0.1343,0.159,0.137255,0.7025,0.796208,0.713181,0.000292,0.000458,0.000314932,4.00646,4.49342,4.10595
20261002-190834,45,BurstCpu,2000,idle,600,0,0,OSXPlayer,Metal,Mac17 8,18,1920x1080,IL2CPP,3.99191,4.41008,4.03336,3.99029,4.4075,4.0339,0.800125,0.898834,0.8092,1.92192,1.98637,1.80916,,,,0.005459,0.008333,0.00562866,0.001,0.002042,0.00113305,0.7848,0.9075,0.81375,2.3326,2.5745,2.36478,0,0,0,0.2431,0.2901,0.249309,0.5257,0.5959,0.544578,0.011,0.016,0.0164232,2.004,2.221,2.03063,0.2216,0.2572,0.226955,0.1061,0.1196,0.107198,0.665375,0.777459,0.672778,0.000166,0.00025,0.000156932,3.98958,4.40742,4.03214
20261002-190834,46,StockThreaded,2000,idle,600,0,0,OSXPlayer,Metal,Mac17 8,18,1920x1080,IL2CPP,24.9422,26.7988,25.1113,17.275,19.5077,17.2136,16.5786,18.4833,16.8356,2.60054,2.60812,2.60856,,,,3.35579,3.82254,3.39672,12.3578,14.025,12.2973,,,,,,,,,,,,,,,,,,,,,,,,,,,,8.76767,10.8848,8.87777,7.78892,10.0223,7.89387,24.9398,26.799,25.1101
20261002-190834,47,Stock,2000,idle,600,0,0,OSXPlayer,Metal,Mac17 8,18,1920x1080,IL2CPP,38.591,39.3011,38.6182,38.5876,39.2987,38.616,16.5882,17.8366,16.4869,2.59296,2.60037,2.58956,,,,15.9275,16.4131,15.982,21.1077,21.5842,21.1335,,,,,,,,,,,,,,,,,,,,,,,,,,,,0.939417,1.00942,0.941596,0.00025,0.000334,0.000236403,38.5877,39.2986,38.6166
20261002-190834,48,BurstGpu,100,walk,600,0,0,OSXPlayer,Metal,Mac17 8,18,1920x1080,IL2CPP,1.188,1.395,1.15567,1.18338,1.39363,1.15274,0.157958,0.213833,0.162232,0.399875,0.427625,0.400034,,,,0.004958,0.008667,0.00528598,0.000667,0.001542,0.00100633,0.0553,0.0828,0.0584857,0.6702,0.8227,0.692272,0,0,0,0.0126,0.0209,0.0139055,0.0317,0.0491,0.0340602,0.0073,0.0138,0.00798333,0.6296,0.7813,0.652088,0.026,0.0638,0.0332753,0.0057,0.0133,0.00690867,0.2195,0.337291,0.2367,0.000208,0.000417,0.000223523,1.18408,1.39371,1.15433
20261002-190834,49,BurstCpu,100,walk,600,0,0,OSXPlayer,Metal,Mac17 8,18,1920x1080,IL2CPP,0.900666,1.00292,0.912658,0.900042,1.00183,0.910828,0.118499,0.138916,0.120167,0.295667,0.298708,0.295797,,,,0.002625,0.004,0.0027532,0.000333,0.000541,0.000334435,0.0361,0.0434,0.0366142,0.574,0.627,0.579395,0,0,0,0.0078,0.0095,0.00800417,0.0219,0.0263,0.022226,0.0041,0.0092,0.00484483,0.561,0.6118,0.56595,0.0088,0.0114,0.009032,0.0043,0.0056,0.00441333,0.157584,0.198292,0.162333,0.000125,0.00025,0.000138207,0.900167,1.00188,0.911875
20261002-190834,50,StockThreaded,100,walk,600,0,0,OSXPlayer,Metal,Mac17 8,18,1920x1080,IL2CPP,1.20108,1.38375,1.20249,0.981293,1.27246,1.00814,0.835958,0.924916,0.845019,0.410583,0.416417,0.412738,,,,0.190167,0.232125,0.195012,0.489042,0.649041,0.499581,,,,,,,,,,,,,,,,,,,,,,,,,,,,0.362125,0.501875,0.361827,0.202125,0.338041,0.193461,1.20042,1.37358,1.20176
20261002-190834,51,Stock,100,walk,600,0,0,OSXPlayer,Metal,Mac17 8,18,1920x1080,IL2CPP,1.79092,2.39425,1.85134,1.79054,2.39379,1.85094,0.824958,0.960834,0.843397,0.410583,0.417,0.416429,,,,0.654875,0.823125,0.689495,0.807167,0.976334,0.836954,,,,,,,,,,,,,,,,,,,,,,,,,,,,0.162916,0.247792,0.17116,0.000125,0.00025,0.000137,1.78992,2.39371,1.85052
20261002-190834,52,BurstGpu,500,walk,600,0,0,OSXPlayer,Metal,Mac17 8,18,1920x1080,IL2CPP,1.60954,1.89475,1.66019,1.60962,1.89262,1.65916,0.447792,0.535293,0.455768,0.573125,0.61175,0.573968,,,,0.004542,0.0075,0.00486444,0.000584,0.001041,0.0008013,0.1873,0.2227,0.200556,0.9223,1.1289,0.951887,0,0,0,0.0598,0.0765,0.0616288,0.1164,0.137,0.128043,0.0077,0.0115,0.008094,0.7919,0.9475,0.807238,0.0968,0.1848,0.1121,0.0276,0.0544,0.0325495,0.340333,0.408334,0.337358,0.00025,0.000542,0.000263552,1.60967,1.89258,1.65887
20261002-190834,53,BurstCpu,500,walk,600,0,0,OSXPlayer,Metal,Mac17 8,18,1920x1080,IL2CPP,1.49867,1.59974,1.48031,1.49742,1.59625,1.47781,0.25346,0.293334,0.257797,0.721625,0.728833,0.724973,,,,0.0025,0.004209,0.00274105,0.000375,0.000583,0.000394855,0.156,0.1717,0.157245,0.9115,0.9725,0.91823,0,0,0,0.0466,0.0536,0.0472037,0.1014,0.1111,0.102111,0.0057,0.0083,0.0059695,0.8398,0.8952,0.845474,0.0469,0.0564,0.0479555,0.0239,0.0324,0.0248007,0.261166,0.288375,0.262177,0.000208,0.000334,0.000213052,1.49742,1.59725,1.47945
20261002-190834,54,StockThreaded,500,walk,600,0,0,OSXPlayer,Metal,Mac17 8,18,1920x1080,IL2CPP,7.08133,7.70825,7.11733,3.93529,6.16421,4.32557,4.89129,5.48954,4.88941,1.11012,1.12221,1.11491,,,,0.823833,1.22513,0.885906,2.55117,4.09458,2.85318,,,,,,,,,,,,,,,,,,,,,,,,,,,,3.35371,4.05038,3.159,2.98992,3.72567,2.78978,7.07854,7.70725,7.11632
20261002-190834,55,Stock,500,walk,600,0,0,OSXPlayer,Metal,Mac17 8,18,1920x1080,IL2CPP,9.60367,10.4781,9.78232,9.60258,10.4813,9.77997,3.99513,4.50538,4.06441,1.10737,1.11917,1.11482,,,,4.10554,4.44646,4.16731,4.95596,5.35096,5.02563,,,,,,,,,,,,,,,,,,,,,,,,,,,,0.342125,0.428166,0.356342,0.000208,0.000333,0.000206525,9.60267,10.4813,9.78107
20261002-190834,56,BurstGpu,2000,walk,600,0,0,OSXPlayer,Metal,Mac17 8,18,1920x1080,IL2CPP,3.80054,4.38792,3.86099,3.79913,4.38687,3.86051,0.967333,1.08158,0.981955,1.5795,1.59625,1.58765,,,,0.003625,0.007083,0.00405487,0.000875,0.001666,0.00095979,0.8199,0.8939,0.850546,2.1434,2.3436,2.16668,0,0,0,0.2343,0.2595,0.240035,0.5715,0.608,0.593074,0.0115,0.0158,0.0143167,1.628,1.8042,1.64487,0.382,0.4085,0.385681,0.1345,0.1489,0.136121,0.661292,0.723333,0.668997,0.000292,0.000458,0.000306798,3.79913,4.38683,3.85981
20261002-190834,57,BurstCpu,2000,walk,600,0,0,OSXPlayer,Metal,Mac17 8,18,1920x1080,IL2CPP,3.71358,4.10013,3.80583,3.71346,4.09738,3.80449,0.750125,0.84575,0.762842,1.93242,1.96513,1.93802,,,,0.003542,0.006875,0.0040686,0.000708,0.001375,0.000761813,0.7453,0.8228,0.765167,2.233,2.4129,2.25534,0,0,0,0.2318,0.2624,0.235185,0.4995,0.5477,0.512705,0.0095,0.013,0.014256,1.9147,2.0749,1.93047,0.2213,0.2384,0.22199,0.1024,0.1181,0.102885,0.616208,0.698917,0.622803,0.00025,0.000334,0.000235697,3.71396,4.09746,3.8048
20261002-190834,58,StockThreaded,2000,walk,600,0,0,OSXPlayer,Metal,Mac17 8,18,1920x1080,IL2CPP,25.4106,28.106,25.6643,18.0328,21.6462,18.7544,17.4638,19.7765,17.6084,2.58638,2.59771,2.44437,,,,3.62088,4.34471,3.70606,12.8915,15.9838,13.4553,,,,,,,,,,,,,,,,,,,,,,,,,,,,7.96679,10.2181,7.9378,6.9745,9.18125,6.8879,25.4108,28.1047,25.6629
20261002-190834,59,Stock,2000,walk,600,0,0,OSXPlayer,Metal,Mac17 8,18,1920x1080,IL2CPP,38.5959,39.8011,38.694,38.5968,39.7993,38.6951,15.3257,17.0868,15.6535,2.57863,2.58588,2.58101,,,,16.5675,17.0611,16.6136,20.5368,21.1594,20.5793,,,,,,,,,,,,,,,,,,,,,,,,,,,,0.9155,0.9955,0.917252,0.000167,0.00025,0.000166865,38.5942,39.7994,38.6924
20261002-190834,60,BurstGpu,100,switch,600,0,0,OSXPlayer,Metal,Mac17 8,18,1920x1080,IL2CPP,1.17775,1.36375,1.14534,1.16783,1.35563,1.14082,0.149333,0.230376,0.161655,0.223125,0.422458,0.266108,,,,0.004417,0.011416,0.00513291,0.000583,0.001459,0.000885977,0.0597,0.1116,0.0716262,0.6575,0.8267,0.678186,0,0,0,0.0157,0.0586,0.0259825,0.0318,0.0476,0.0352315,0.0059,0.0119,0.00802933,0.6134,0.759,0.631103,0.0245,0.0759,0.0351708,0.0065,0.034,0.0119125,0.222083,0.313125,0.226952,0.000125,0.000334,0.00015826,1.16942,1.36183,1.14406
20261002-190834,61,BurstCpu,100,switch,600,0,0,OSXPlayer,Metal,Mac17 8,18,1920x1080,IL2CPP,0.902622,1.0075,0.931656,0.901542,1.00779,0.930682,0.120584,0.143458,0.121847,0.2965,0.30025,0.266398,,,,0.002833,0.004458,0.00303376,0.000333,0.000541,0.00035117,0.0388,0.0651,0.0423097,0.582,0.6265,0.584149,0,0,0.0166667,0.009,0.03,0.0127302,0.0232,0.0286,0.02365,0.0041,0.0068,0.00441617,0.5668,0.6096,0.569216,0.0088,0.0125,0.00921317,0.0048,0.0106,0.00572017,0.158833,0.19675,0.161779,8.4E-05,0.000208,9.96083E-05,0.901583,1.00796,0.930768
20261002-190834,62,StockThreaded,100,switch,600,0,0,OSXPlayer,Metal,Mac17 8,18,1920x1080,IL2CPP,1.40091,1.58192,1.40499,0.804457,0.955083,0.813699,1.01754,1.13021,1.02279,0.410375,0.41575,0.41176,,,,0.186417,0.212125,0.187346,0.368417,0.467167,0.366428,,,,,,,,,,,,,,,,,,,,,,,,,,,,0.723875,0.843875,0.717377,0.596292,0.713166,0.590759,1.40029,1.58079,1.40429
20261002-190834,63,Stock,100,switch,600,0,0,OSXPlayer,Metal,Mac17 8,18,1920x1080,IL2CPP,1.70304,1.89595,1.74316,1.70275,1.8935,1.7411,0.831166,0.889417,0.838404,0.410375,0.417,0.410775,,,,0.690875,0.760292,0.693055,0.764417,0.802458,0.767302,,,,,,,,,,,,,,,,,,,,,,,,,,,,0.1355,0.161417,0.136902,8.3E-05,0.000167,0.000312575,1.70288,1.89354,1.74256
20261002-190834,64,BurstGpu,500,switch,600,0,0,OSXPlayer,Metal,Mac17 8,18,1920x1080,IL2CPP,1.88904,2.20291,1.85417,1.82679,2.20246,1.84971,0.420583,0.540166,0.433007,0.580083,0.639208,0.580406,,,,0.0055,0.014833,0.00695555,0.000584,0.000959,0.000624542,0.3147,0.5021,0.343418,1.039,1.2308,1.03995,0,0,0,0.162,0.3053,0.181213,0.1404,0.192,0.152088,0.0074,0.011,0.00781017,0.8386,0.9945,0.85109,0.1173,0.1743,0.120133,0.0768,0.1187,0.068727,0.29325,0.350709,0.297584,0.000208,0.000375,0.000210082,1.88667,2.20296,1.85302
20261002-190834,65,BurstCpu,500,switch,600,0,0,OSXPlayer,Metal,Mac17 8,18,1920x1080,IL2CPP,1.60887,1.90363,1.67033,1.60788,1.90262,1.6678,0.277291,0.349792,0.290241,0.720417,0.730625,0.720066,,,,0.003333,0.012667,0.00549933,0.000416,0.000666,0.000426508,0.2587,0.4262,0.289989,0.944,1.024,0.948044,0,2,0.301667,0.1333,0.2722,0.154041,0.1171,0.15,0.127728,0.0064,0.0095,0.0063825,0.8406,0.9018,0.847381,0.0503,0.0596,0.0509258,0.0484,0.0817,0.0497367,0.267917,0.291291,0.26907,0.000166,0.000292,0.000159492,1.60829,1.90275,1.66937
20261002-190834,66,StockThreaded,500,switch,600,0,0,OSXPlayer,Metal,Mac17 8,18,1920x1080,IL2CPP,7.18934,7.71117,7.15016,3.82954,4.13846,3.86587,4.78475,5.36921,4.79431,1.11375,1.12467,1.1148,,,,0.861084,0.963667,0.869892,2.44375,2.64917,2.4625,,,,,,,,,,,,,,,,,,,,,,,,,,,,3.68508,4.19246,3.60935,3.35938,3.86913,3.28312,7.18883,7.71142,7.14928
20261002-190834,67,Stock,500,switch,600,0,0,OSXPlayer,Metal,Mac17 8,18,1920x1080,IL2CPP,10.1021,10.4602,10.1538,10.1011,10.4605,10.1514,4.08975,4.45017,4.13632,1.11221,1.12217,1.11265,,,,4.61721,4.82933,4.63438,4.95833,5.07913,4.96712,,,,,,,,,,,,,,,,,,,,,,,,,,,,0.329708,0.363,0.331631,0.00025,0.000333,0.000228253,10.1016,10.4605,10.1527
20261002-190834,68,BurstGpu,2000,switch,600,0,0,OSXPlayer,Metal,Mac17 8,18,1920x1080,IL2CPP,5.50316,6.20871,5.51272,5.5015,6.20283,5.49504,1.35667,1.55325,1.35227,1.66375,1.74042,1.61016,,,,0.074334,0.125416,0.0736123,0.001458,0.002542,0.00152306,1.951,2.3912,1.88668,2.4886,2.6435,2.47906,0,0,0,1.0959,1.4291,1.05526,0.83,0.9229,0.815147,0.0137,0.0197,0.0140807,1.578,1.7144,1.58606,0.4603,0.4965,0.460686,0.4759,0.5329,0.432305,0.77825,0.878208,0.782875,0.00025,0.000416,0.000267092,5.50221,6.20958,5.51157
20261002-190834,69,BurstCpu,2000,switch,600,0,0,OSXPlayer,Metal,Mac17 8,18,1920x1080,IL2CPP,5.30625,5.90963,5.32451,5.30467,5.90946,5.31575,1.10025,1.21492,1.06757,1.89712,1.92921,1.90153,,,,0.074708,0.126417,0.0734229,0.001292,0.001959,0.00131635,1.8075,2.2268,1.78794,2.5987,2.754,2.58862,5,11,5.54,1.0651,1.3317,1.02754,0.726,0.8179,0.732153,0.0117,0.0158,0.0260595,1.9494,2.0691,1.96085,0.2676,0.2957,0.269565,0.3903,0.4512,0.358207,0.61825,0.662042,0.619259,0.00025,0.000375,0.000252143,5.30542,5.90938,5.32344
20261002-190834,70,StockThreaded,2000,switch,600,0,0,OSXPlayer,Metal,Mac17 8,18,1920x1080,IL2CPP,26.7051,28.1928,27.4171,16.1037,18.045,17.0071,16.7187,18.2012,16.9149,2.59438,2.6025,2.59687,,,,3.57617,4.00463,3.71899,11.0876,12.7378,11.8474,,,,,,,,,,,,,,,,,,,,,,,,,,,,11.4393,12.5854,11.3069,10.5391,11.6952,10.3905,26.704,28.1925,27.416
20261002-190834,71,Stock,2000,switch,600,0,0,OSXPlayer,Metal,Mac17 8,18,1920x1080,IL2CPP,42.2067,45.8984,42.7768,42.2023,45.8959,42.5734,17.9755,19.976,18.0584,2.58442,2.62262,2.5673,,,,19.2429,21.4878,19.5766,21.3887,22.7095,21.4747,,,,,,,,,,,,,,,,,,,,,,,,,,,,0.923958,1.03704,1.13484,0.00025,0.000334,0.200272,42.2048,45.8959,42.7753
