runtime,count,animation,repeat,frame_ms_median,cpu_main_ms_median,burst_schedule_ms_median,burst_advance_ms_median,burst_headers_ms_median,burst_jobsetup_ms_median,burst_complete_ms_median,burst_wait_ms_median,burst_apply_ms_median,burst_events_ms_median,unity_render_ms_median,cpu_render_ms_median,gpu_ms_median
Stock,100,idle,0,0.6966,0.6962,,,,,,,,,0.0849,0.2539,0.2871
StockThreaded,100,idle,0,0.5970,0.5962,,,,,,,,,0.0782,0.2509,0.2870
BurstCpu,100,idle,0,0.3000,0.2997,0.0263,0.0075,0.0161,0.0021,0.0903,0.0833,0.0015,0.0055,0.0606,0.0574,0.0927
BurstGpu,100,idle,0,0.2024,0.2020,0.0242,0.0066,0.0146,0.0023,0.0825,0.0675,0.0088,0.0055,0.0596,0.0622,0.0918
Stock,500,idle,0,3.8086,3.8076,,,,,,,,,0.3008,1.4083,0.7355
StockThreaded,500,idle,0,2.4993,2.4982,,,,,,,,,0.2923,1.4320,0.7361
BurstCpu,500,idle,0,0.6990,0.6983,0.1278,0.0468,0.0761,0.0037,0.2638,0.2158,0.0085,0.0390,0.1704,0.1820,0.3608
BurstGpu,500,idle,0,0.7027,0.7020,0.1320,0.0488,0.0778,0.0039,0.3023,0.2167,0.0359,0.0488,0.1871,0.2027,0.3153
Stock,2000,idle,0,16.6681,16.6686,,,,,,,,,0.8027,5.5481,1.3969
StockThreaded,2000,idle,0,9.5885,9.5874,,,,,,,,,0.8295,5.9812,1.3991
BurstCpu,2000,idle,0,2.9001,2.8999,0.8148,0.3397,0.4629,0.0096,1.2830,0.7471,0.1264,0.4098,0.6258,0.8070,0.9121
BurstGpu,2000,idle,0,3.0006,2.9994,0.8379,0.3460,0.4793,0.0095,1.4148,0.7115,0.2380,0.4617,0.5749,0.8767,0.7638
Stock,100,walk,0,0.7011,0.7006,,,,,,,,,0.0854,0.2463,0.2859
StockThreaded,100,walk,0,0.5993,0.5987,,,,,,,,,0.0790,0.2497,0.2860
BurstCpu,100,walk,0,0.4000,0.3992,0.0289,0.0089,0.0166,0.0027,0.1876,0.1790,0.0021,0.0063,0.0858,0.0724,0.2155
BurstGpu,100,walk,0,0.5007,0.5001,0.0341,0.0104,0.0193,0.0033,0.2494,0.1745,0.0665,0.0070,0.1075,0.0872,0.2771
Stock,500,walk,0,4.4026,4.4020,,,,,,,,,0.2977,1.4072,0.7380
StockThreaded,500,walk,0,2.5955,2.5947,,,,,,,,,0.2882,1.4441,0.7358
BurstCpu,500,walk,0,0.9923,0.9911,0.1445,0.0525,0.0852,0.0053,0.4548,0.3720,0.0207,0.0605,0.2225,0.2209,0.3561
BurstGpu,500,walk,0,1.2994,1.2982,0.1632,0.0607,0.0943,0.0061,0.7033,0.3840,0.2379,0.0872,0.2611,0.2262,0.3556
Stock,2000,walk,0,20.6232,20.6199,,,,,,,,,0.9180,5.9883,1.4332
StockThreaded,2000,walk,0,10.6871,10.6883,,,,,,,,,0.9011,6.3287,1.4301
BurstCpu,2000,walk,0,3.2066,3.2066,0.8866,0.3670,0.5037,0.0107,1.4972,0.8637,0.1920,0.4324,0.6360,0.8916,0.9131
BurstGpu,2000,walk,0,3.6115,3.6119,0.8876,0.3652,0.5081,0.0105,1.9220,0.6801,0.8238,0.4176,0.6230,0.7347,0.9491
Stock,100,switch,0,0.7001,0.6996,,,,,,,,,0.0874,0.2667,0.2938
StockThreaded,100,switch,0,0.5985,0.5980,,,,,,,,,0.0787,0.2610,0.2938
BurstCpu,100,switch,0,0.4004,0.3997,0.0286,0.0090,0.0164,0.0027,0.1834,0.1744,0.0023,0.0064,0.0838,0.0738,0.2198
BurstGpu,100,switch,0,0.5000,0.4989,0.0322,0.0093,0.0185,0.0032,0.2345,0.1773,0.0475,0.0069,0.1087,0.0984,0.2758
Stock,500,switch,0,4.8053,4.8046,,,,,,,,,0.3633,1.7367,0.7581
StockThreaded,500,switch,0,2.6068,2.6060,,,,,,,,,0.3329,1.7655,0.7556
BurstCpu,500,switch,0,0.9041,0.9035,0.1456,0.0523,0.0869,0.0046,0.4313,0.3478,0.0253,0.0582,0.2080,0.2472,0.3663
BurstGpu,500,switch,0,1.2974,1.2959,0.1970,0.0801,0.1092,0.0059,0.6709,0.3740,0.1974,0.1019,0.2559,0.3520,0.3406
Stock,2000,switch,0,21.5941,21.5948,,,,,,,,,1.1778,8.3640,1.4554
StockThreaded,2000,switch,0,12.2990,10.4104,,,,,,,,,2.9865,8.4350,1.4552
BurstCpu,2000,switch,0,4.2059,4.2047,1.3801,0.7552,0.6059,0.0112,1.8144,0.9053,0.2985,0.5990,0.7587,1.4894,0.9289
BurstGpu,2000,switch,0,4.9059,4.9051,1.4348,0.7710,0.6491,0.0115,2.3817,0.7936,0.9943,0.5929,0.7948,1.7784,0.8992
BurstGpu,100,idle,1,0.4089,0.4051,0.0361,0.0126,0.0181,0.0039,0.1993,0.1821,0.0092,0.0078,0.1015,0.0941,0.2671
BurstCpu,100,idle,1,0.4001,0.3991,0.0288,0.0086,0.0169,0.0026,0.1869,0.1781,0.0021,0.0067,0.0889,0.0753,0.2143
StockThreaded,100,idle,1,0.5958,0.5952,,,,,,,,,0.0774,0.2527,0.2872
Stock,100,idle,1,0.6064,0.6058,,,,,,,,,0.0784,0.2521,0.2871
BurstGpu,500,idle,1,1.0090,1.0086,0.1677,0.0628,0.0970,0.0057,0.4913,0.3425,0.0505,0.0890,0.2498,0.3201,0.3283
BurstCpu,500,idle,1,0.8889,0.8825,0.1417,0.0497,0.0852,0.0047,0.3925,0.3234,0.0150,0.0540,0.1960,0.2055,0.3615
StockThreaded,500,idle,1,2.4979,2.4968,,,,,,,,,0.2900,1.5036,0.7338
Stock,500,idle,1,3.8947,3.8939,,,,,,,,,0.2855,1.3799,0.7386
BurstGpu,2000,idle,1,3.1004,3.0996,0.8882,0.3568,0.5155,0.0098,1.4582,0.7307,0.2383,0.4766,0.6071,0.9883,0.7632
BurstCpu,2000,idle,1,2.9043,2.9032,0.8469,0.3440,0.4862,0.0103,1.3124,0.7583,0.1236,0.4254,0.6075,0.7313,0.9059
StockThreaded,2000,idle,1,9.7036,9.7032,,,,,,,,,0.8918,6.2893,1.3980
Stock,2000,idle,1,16.8271,16.8222,,,,,,,,,0.8343,5.4833,1.3984
BurstGpu,100,walk,1,0.5017,0.5012,0.0348,0.0102,0.0198,0.0034,0.2505,0.1714,0.0698,0.0071,0.1153,0.0925,0.2844
BurstCpu,100,walk,1,0.4003,0.3995,0.0293,0.0087,0.0168,0.0027,0.1931,0.1844,0.0021,0.0066,0.0895,0.0727,0.2139
StockThreaded,100,walk,1,0.5984,0.5979,,,,,,,,,0.0792,0.2529,0.2862
Stock,100,walk,1,0.7003,0.6998,,,,,,,,,0.0810,0.2486,0.2859
BurstGpu,500,walk,1,1.2889,1.2876,0.1696,0.0609,0.1002,0.0056,0.6959,0.3600,0.2457,0.0961,0.2477,0.2760,0.3677
BurstCpu,500,walk,1,0.9948,0.9941,0.1491,0.0539,0.0885,0.0050,0.4687,0.3800,0.0227,0.0634,0.2159,0.2293,0.3561
StockThreaded,500,walk,1,2.5949,2.5941,,,,,,,,,0.2935,1.5003,0.7357
Stock,500,walk,1,4.6917,4.6885,,,,,,,,,0.3135,1.3963,0.7382
BurstGpu,2000,walk,1,3.8643,3.8559,0.9297,0.3793,0.5349,0.0107,2.0427,0.7278,0.8809,0.4292,0.6430,0.8958,0.9730
BurstCpu,2000,walk,1,3.1994,3.1981,0.8954,0.3774,0.5007,0.0111,1.4891,0.8530,0.1885,0.4373,0.6049,0.7420,0.9051
StockThreaded,2000,walk,1,10.0026,10.0016,,,,,,,,,0.8886,6.4018,1.4342
Stock,2000,walk,1,19.6984,19.6970,,,,,,,,,0.8563,5.4810,1.4295
BurstGpu,100,switch,1,0.5027,0.5025,0.0365,0.0103,0.0211,0.0036,0.2468,0.1880,0.0479,0.0071,0.1167,0.1027,0.2815
BurstCpu,100,switch,1,0.4004,0.3995,0.0302,0.0096,0.0170,0.0027,0.1948,0.1857,0.0026,0.0064,0.0856,0.0752,0.2173
StockThreaded,100,switch,1,0.6017,0.6012,,,,,,,,,0.0939,0.2822,0.2941
Stock,100,switch,1,0.7009,0.7006,,,,,,,,,0.0880,0.2771,0.2937
BurstGpu,500,switch,1,1.2984,1.2973,0.1826,0.0676,0.1077,0.0056,0.6679,0.3620,0.1991,0.1048,0.2708,0.3525,0.3457
BurstCpu,500,switch,1,0.9986,0.9975,0.1626,0.0613,0.0937,0.0053,0.4401,0.3390,0.0299,0.0699,0.2272,0.2635,0.3673
StockThreaded,500,switch,1,3.6932,3.6095,,,,,,,,,0.4244,1.9814,0.7586
Stock,500,switch,1,5.2923,5.2902,,,,,,,,,0.3907,1.8297,0.7596
BurstGpu,2000,switch,1,4.8933,4.8891,1.4013,0.7352,0.6433,0.0112,2.3437,0.7802,0.9869,0.5863,0.8158,1.6992,0.8971
BurstCpu,2000,switch,1,4.2092,4.2066,1.4227,0.7916,0.6148,0.0120,1.8331,0.9039,0.2984,0.6129,0.6765,1.4375,0.9305
StockThreaded,2000,switch,1,12.7950,10.9248,,,,,,,,,2.9673,8.7295,1.4590
Stock,2000,switch,1,21.2013,21.2012,,,,,,,,,1.1821,8.2573,1.4558
